S.No.,Global ID,Site Name,State/Circle,District,Cluster,Alarm On-Site,Alarm Start Time,Alarm End Time,Duration (HH:MM:SS),Battery Start Volt,Battery End Volt,Temp.,IMEI,Site Running ON,Energy Start Time,Energy End Time,Acknowledge
1,ST-UPE-HPSC-045,Sunderpur Chauraha,UP East,Varanasi,Varanasi,TPMS Battery Low,2026-04-20 23:57:27,2026-04-21 00:08:28,00:11:01,53.10,53.20,0.00,'867950079197057,SOEB,2026-04-20 22:08:23,2026-04-21 00:00:00,"Level-1, Status-No.Block by Server, Number-9936837499; Level-2, Status-No.Block by Server, Number-9140864299"
2,ST-MAH-OD-0011,Arni-BSNL Exch,Maharashtra,Nashik,Nashik,AM MNSF,2026-04-20 23:55:50,2026-04-20 23:59:00,00:03:10,50.50,49.78,0.00,'861919084333813,SOBT,2026-04-20 23:55:50,2026-04-20 23:59:00,"Level-1, Status-DIALING, Number-9689186432; Level-2, Status-DIALING, Number-9975894886; Level-3, Status-DIALING, Number-8888806810"
3,ST_MUM_HPSC_0061,Wasim House,Mumbai,Mumbai,MUMBAI,AM MNSF,2026-04-20 23:45:20,2026-04-20 23:51:29,00:06:09,51.28,49.57,0.00,'861919084334464,SOBT,2026-04-20 23:45:20,2026-04-20 23:51:29,"Level-1, Status-DIALING, Number-9029208855; Level-2, Status-DIALING, Number-8097618466; Level-3, Status-DIALING, Number-8108779091"
4,ST-KOL-HPSC-014,Netaji Pally,West Bengal,Kolkata,Kolkata,AM MNSF,2026-04-20 23:45:00,2026-04-20 23:45:20,00:00:20,54.20,53.70,0.00,'861919084310316,SOBT,2026-04-20 23:45:00,2026-04-20 23:45:20,"Level-1, Status-No.Block by Server, Number-9800291987; Level-2, Status-No.Block by Server, Number-7003719849; Level-3, Status-No.Block by Server, Number-8515863762"
5,STPL-MUM-OD-M0230,Tiwari House,Mumbai,Mumbai,MUMBAI,BTLV,2026-04-20 23:43:22,2026-04-21 01:57:38,02:14:16,47.42,51.21,0.00,'861919082252015,SOBT,2026-04-20 23:36:16,2026-04-21 00:00:00,"Level-1, Status-DIALING, Number-9029208855; Level-2, Status-DIALING, Number-8097618466"
6,ST-DELHI-HPSC-191,HPSC Parsvnath Exotica Sector531,Delhi,Gurgaon,Gurgaon,AM MNSF,2026-04-20 23:42:12,2026-04-20 23:42:49,00:00:37,53.30,53.30,0.00,'867950079195432,SOBT,2026-04-20 23:42:12,2026-04-20 23:42:49,"Level-1, Status-No.Block by Server, Number-8395061400; Level-2, Status-No.Block by Server, Number-8395061400; Level-3, Status-No.Block by Server, Number-6397156643"
7,STPL-MUM-OD-M0230,Tiwari House,Mumbai,Mumbai,MUMBAI,AM MNSF,2026-04-20 23:36:16,2026-04-21 01:57:38,02:21:22,47.50,51.21,0.00,'861919082252015,SOBT,2026-04-20 23:36:16,2026-04-21 00:00:00,"Level-1, Status-DIALING, Number-9029208855; Level-2, Status-DIALING, Number-8097618466; Level-3, Status-DIALING, Number-8108779091"
8,ST-MAH-OD-0037,Vrindavan Society Dehu Gaon,Maharashtra,Pune,Pune,AM MNSF,2026-04-20 23:33:55,2026-04-20 23:50:06,00:16:11,50.64,50.57,0.00,'861919084346542,SOBT,2026-04-20 23:33:55,2026-04-20 23:50:06,"Level-1, Status-DIALING, Number-9975894886; Level-2, Status-DIALING, Number-9975894886; Level-3, Status-DIALING, Number-8888806810"
9,ST_MUM_HPSC_0065,Panduranga Kadu Bunglow,Mumbai,Mumbai,MUMBAI,Mains Failed,2026-04-20 23:32:12,2026-04-21 08:04:14,08:32:02,0.00,0.00,0.00,'867950079194625,SOEB,2026-04-20 00:00:00,2026-04-21 00:00:00,"Level-1, Status-DIALING, Number-7208501421; Level-2, Status-DIALING, Number-8097618466"
10,ST-MAH-OD-0056,Pethe Nagar,Maharashtra,CH SAMBHAJI NAGAR,CH SAMBHAJI NAGAR,MNSF,2026-04-20 23:30:34,2026-04-20 23:34:47,00:04:13,52.00,48.78,0.00,'865510082839772,SOBT,2026-04-20 23:30:34,2026-04-20 23:34:47,-
11,ST-DELHI-HPSC-074,HPSC_Bahalolpur,Delhi,Noida,Noida,AM MNSF,2026-04-20 23:16:28,2026-04-20 23:23:58,00:07:30,52.42,53.21,0.00,'861919082178004,SOBT,2026-04-20 23:16:28,2026-04-20 23:23:58,"Level-1, Status-No.Block by Server, Number-9717185678; Level-2, Status-No.Block by Server, Number-8395061400; Level-3, Status-No.Block by Server, Number-6397156643"
12,ST-UPE-HPSC-038,"Near Shadab Chauraha, Kalindipuram",UP East,Prayagraj,Prayagraj,AM MNSF,2026-04-20 23:14:27,2026-04-20 23:24:19,00:09:52,50.40,52.00,0.00,'861919084309979,SOBT,2026-04-20 23:14:27,2026-04-20 23:24:19,"Level-1, Status-No.Block by Server, Number-9936837499; Level-2, Status-No.Block by Server, Number-9140864299; Level-3, Status-No.Block by Server, Number-8767249333"
13,ST-DELHI-HPSC-187,HPSC Chhijarsi & Bahlolpur Colony,Delhi,Noida,Noida,AM MNSF,2026-04-20 23:12:08,2026-04-20 23:14:30,00:02:22,51.50,50.60,0.00,'867950079196851,SOBT,2026-04-20 23:12:08,2026-04-20 23:14:30,"Level-1, Status-No.Block by Server, Number-8448102503; Level-2, Status-No.Block by Server, Number-8395061400; Level-3, Status-No.Block by Server, Number-6397156643"
14,ST-MAH-OD-0012,Bhadrakali-2 Bsnl Relocation,Maharashtra,Nashik,Nashik,AM MNSF,2026-04-20 23:05:53,2026-04-20 23:49:54,00:44:01,50.14,50.57,0.00,'861919084346351,SOBT,2026-04-20 23:05:53,2026-04-20 23:49:54,"Level-1, Status-DIALING, Number-9975894886; Level-2, Status-DIALING, Number-9975894886; Level-3, Status-DIALING, Number-8888806810"
15,ST-DELHI-HPSC-194,Noida SECTOR 52 Dadri 2,Delhi,Noida,Noida,AM MNSF,2026-04-20 22:53:08,2026-04-20 22:54:15,00:01:07,49.70,50.10,0.00,'867950079195705,SOBT,2026-04-20 22:53:08,2026-04-20 22:54:15,"Level-1, Status-No.Block by Server, Number-9717185678; Level-2, Status-No.Block by Server, Number-8395061400; Level-3, Status-No.Block by Server, Number-6397156643"
16,ST-UPE-OD-0003,Barradevi,UP East,Kanpur,Kanpur,BTLV,2026-04-20 22:45:11,2026-04-20 22:45:42,00:00:31,47.42,50.57,0.00,'861919082057711,SOEB,2026-04-20 22:33:27,2026-04-21 00:00:00,"Level-1, Status-No.Block by Server, Number-9936837499; Level-2, Status-No.Block by Server, Number-9140864299"
17,ST-DELHI-HPSC-194,Noida SECTOR 52 Dadri 2,Delhi,Noida,Noida,AM MNSF,2026-04-20 22:33:54,2026-04-20 22:51:07,00:17:13,52.50,50.40,0.00,'867950079195705,SOBT,2026-04-20 22:33:54,2026-04-20 22:51:07,"Level-1, Status-No.Block by Server, Number-9717185678; Level-2, Status-No.Block by Server, Number-8395061400; Level-3, Status-No.Block by Server, Number-6397156643"
18,ST-UPE-OD-0003,Barradevi,UP East,Kanpur,Kanpur,TPMS Supply Failed,2026-04-20 22:33:01,2026-04-20 22:33:27,00:00:26,42.71,4.14,0.00,'861919082057711,SOBT,2026-04-20 22:32:42,2026-04-20 22:33:27,"Level-1, Status-No.Block by Server, Number-9936837499; Level-2, Status-No.Block by Server, Number-9140864299"
19,ST-UPE-OD-0003,Barradevi,UP East,Kanpur,Kanpur,BTLV,2026-04-20 22:32:42,2026-04-20 22:33:47,00:01:05,42.71,53.28,0.00,'861919082057711,SOBT,2026-04-20 22:32:42,2026-04-20 22:33:27,"Level-1, Status-No.Block by Server, Number-9936837499; Level-2, Status-No.Block by Server, Number-9140864299; Level-3, Status-No.Block by Server, Number-8767249333"
20,ST-UPE-OD-0003,Barradevi,UP East,Kanpur,Kanpur,AM MNSF,2026-04-20 22:32:42,2026-04-20 22:33:27,00:00:45,42.71,53.28,0.00,'861919082057711,SOBT,2026-04-20 22:32:42,2026-04-20 22:33:27,"Level-1, Status-No.Block by Server, Number-9936837499; Level-2, Status-No.Block by Server, Number-9140864299; Level-3, Status-No.Block by Server, Number-8767249333"
21,ST-DELHI-HPSC-233,HPSC_Sector10,Delhi,Noida,Noida,AM MNSF,2026-04-20 22:11:09,2026-04-20 22:17:43,00:06:34,50.60,49.90,0.00,'861919084309953,SOBT,2026-04-20 22:11:09,2026-04-20 22:17:43,"Level-1, Status-No.Block by Server, Number-9717185678; Level-2, Status-No.Block by Server, Number-8395061400; Level-3, Status-No.Block by Server, Number-6397156643"
22,ST-DELHI-HPSC-074,HPSC_Bahalolpur,Delhi,Noida,Noida,AM MNSF,2026-04-20 22:05:56,2026-04-20 22:38:58,00:33:02,52.50,50.28,0.00,'861919082178004,SOBT,2026-04-20 22:05:56,2026-04-20 22:38:58,"Level-1, Status-No.Block by Server, Number-9717185678; Level-2, Status-No.Block by Server, Number-8395061400; Level-3, Status-No.Block by Server, Number-6397156643"
23,ST-UPE-OD-0003,Barradevi,UP East,Kanpur,Kanpur,BTLV,2026-04-20 21:55:46,2026-04-20 22:30:28,00:34:42,46.00,49.70,0.00,'861919082057711,SOEB,2026-04-20 02:10:47,2026-04-20 22:32:42,"Level-1, Status-No.Block by Server, Number-9936837499; Level-2, Status-No.Block by Server, Number-9140864299"
24,ST-UPE-HPSC-001,Murey Camp,UP East,Kanpur,Kanpur,AM MNSF,2026-04-20 21:52:19,2026-04-20 21:58:50,00:06:31,52.40,49.90,0.00,'861919084285062,SOBT,2026-04-20 21:52:19,2026-04-20 21:58:50,"Level-1, Status-No.Block by Server, Number-9936837499; Level-2, Status-No.Block by Server, Number-9140864299; Level-3, Status-No.Block by Server, Number-8767249333"
25,ST-DELHI-HPSC-074,HPSC_Bahalolpur,Delhi,Noida,Noida,AM MNSF,2026-04-20 21:41:29,2026-04-20 21:50:25,00:08:56,52.70,49.92,0.00,'861919082178004,SOBT,2026-04-20 21:41:29,2026-04-20 21:50:25,"Level-1, Status-No.Block by Server, Number-9717185678; Level-2, Status-No.Block by Server, Number-8395061400; Level-3, Status-No.Block by Server, Number-6397156643"
26,ST-UPE-HPSC-045,Sunderpur Chauraha,UP East,Varanasi,Varanasi,AM MNSF,2026-04-20 21:37:06,2026-04-20 22:08:23,00:31:17,51.00,50.40,0.00,'867950079197057,SOBT,2026-04-20 21:37:06,2026-04-20 22:08:23,"Level-1, Status-No.Block by Server, Number-9936837499; Level-2, Status-No.Block by Server, Number-9140864299; Level-3, Status-No.Block by Server, Number-8767249333"
27,ST-MAH-OD-0011,Arni-BSNL Exch,Maharashtra,Nashik,Nashik,AM MNSF,2026-04-20 21:29:36,2026-04-20 22:53:12,01:23:36,51.42,51.21,0.00,'861919084333813,SOBT,2026-04-20 21:29:36,2026-04-20 22:53:12,"Level-1, Status-NO DIALTONE, Number-9689186432; Level-2, Status-NO DIALTONE, Number-9975894886; Level-3, Status-No.Block by Server, Number-8888806810"
28,ST_MUM_HPSC_0047,Raju Gupta House,Mumbai,Mumbai,MUMBAI,AM MNSF,2026-04-20 21:27:01,2026-04-20 21:27:44,00:00:43,45.42,43.57,0.00,'861919084335982,SOBT,2026-04-20 21:27:01,2026-04-20 21:27:44,"Level-1, Status-DIALING, Number-7302556851; Level-2, Status-DIALING, Number-8097618466; Level-3, Status-DIALING, Number-8108779091"
29,ST-UPE-OD-0003,Barradevi,UP East,Kanpur,Kanpur,BTLV,2026-04-20 21:26:04,2026-04-20 21:47:53,00:21:49,46.50,49.64,0.00,'861919082057711,SOEB,2026-04-20 02:10:47,2026-04-20 22:32:42,"Level-1, Status-No.Block by Server, Number-9936837499; Level-2, Status-No.Block by Server, Number-9140864299"
30,ST_MUM_HPSC_0081,VIKAS GUPTA HOUSE,Mumbai,Mumbai,MUMBAI,AM MNSF,2026-04-20 21:25:29,2026-04-20 21:26:07,00:00:38,54.60,54.10,0.00,'861919084308609,SOBT,2026-04-20 21:25:29,2026-04-20 21:26:07,"Level-1, Status-DIALING, Number-9029208855; Level-2, Status-DIALING, Number-8097618466; Level-3, Status-DIALING, Number-8108779091"
31,ST-MAH-OD-0056,Pethe Nagar,Maharashtra,CH SAMBHAJI NAGAR,CH SAMBHAJI NAGAR,MNSF,2026-04-20 21:24:23,2026-04-20 21:29:01,00:04:38,51.00,48.71,0.00,'865510082839772,SOBT,2026-04-20 21:24:23,2026-04-20 21:29:01,-
32,ST_MUM_HPSC_0047,Raju Gupta House,Mumbai,Mumbai,MUMBAI,AM MNSF,2026-04-20 21:24:19,2026-04-20 21:26:06,00:01:47,48.35,42.71,0.00,'861919084335982,SOBT,2026-04-20 21:24:19,2026-04-20 21:26:06,"Level-1, Status-DIALING, Number-7302556851; Level-2, Status-DIALING, Number-8097618466; Level-3, Status-DIALING, Number-8108779091"
33,ST-MAH-OD-0044,Naregaon Chilkalthana,Maharashtra,Vasai,Vasai,AM MNSF,2026-04-20 21:15:20,2026-04-20 22:03:08,00:47:48,53.70,51.85,0.00,'861919084258986,SOBT,2026-04-20 21:15:20,2026-04-20 22:03:08,"Level-1, Status-DIALING, Number-9975740528; Level-2, Status-DIALING, Number-9823982397; Level-3, Status-DIALING, Number-8888806810"
34,ST-DELHI-HPSC-191,HPSC Parsvnath Exotica Sector531,Delhi,Gurgaon,Gurgaon,AM MNSF,2026-04-20 21:13:12,2026-04-20 21:13:43,00:00:31,53.00,53.10,0.00,'867950079195432,SOBT,2026-04-20 21:13:12,2026-04-20 21:13:43,"Level-1, Status-No.Block by Server, Number-8395061400; Level-2, Status-No.Block by Server, Number-8395061400; Level-3, Status-No.Block by Server, Number-6397156643"
35,ST-GUJ-MACRO-030,Harikrupa Silvasa,Gujrat,Daman,Diu,AM MNSF,2026-04-20 21:10:54,2026-04-20 21:23:27,00:12:33,51.64,51.35,0.00,'861919081957093,SOBT,2026-04-20 21:10:54,2026-04-20 21:23:27,"Level-1, Status-DIALING, Number-9680635848; Level-2, Status-DIALING, Number-8000012005; Level-3, Status-DIALING, Number-7226080870"
36,ST-DELHI-HPSC-083,HPSC_ChhapraulaDadri_1,Delhi,Noida,Noida,AM MNSF,2026-04-20 21:08:17,2026-04-20 21:27:31,00:19:14,51.70,49.30,0.00,'866082076649285,SOBT,2026-04-20 21:08:17,2026-04-20 21:27:31,"Level-1, Status-No.Block by Server, Number-9717185678; Level-2, Status-No.Block by Server, Number-8395061400; Level-3, Status-No.Block by Server, Number-6397156643"
37,ST-MAH-OD-0061,Rajguru Colony Talegaon Dabhade,Maharashtra,Pune,Pune,AM MNSF,2026-04-20 21:07:16,2026-04-20 21:08:43,00:01:27,51.21,50.35,0.00,'869742089164401,SOBT,2026-04-20 21:07:16,2026-04-20 21:08:43,"Level-1, Status-DIALING, Number-9975894886; Level-2, Status-DIALING, Number-9975894886; Level-3, Status-DIALING, Number-8888806810"
38,ST_MUM_HPSC_0110,Ganesh Jadhav,Mumbai,Mumbai,MUMBAI,AM MNSF,2026-04-20 21:02:10,2026-04-20 21:07:36,00:05:26,51.40,49.80,0.00,'866082076649756,SOBT,2026-04-20 21:02:10,2026-04-20 21:07:36,"Level-1, Status-DIALING, Number-9833144457; Level-2, Status-DIALING, Number-8097618466; Level-3, Status-DIALING, Number-8108779091"
39,ST-HPSC-NCR-074,HPSC_Crossing Republic Golf Course GBD_1,Delhi,Noida,Noida,AM MNSF,2026-04-20 20:57:35,2026-04-20 21:02:38,00:05:03,49.20,49.10,0.00,'861919084284875,SOBT,2026-04-20 20:57:35,2026-04-20 21:02:38,"Level-1, Status-No.Block by Server, Number-8448102503; Level-2, Status-No.Block by Server, Number-8395061400; Level-3, Status-No.Block by Server, Number-6397156643"
40,ST-DELHI-HPSC-087,HPSC_ Noida Sector 46Dadri_1,Delhi,Noida,Noida,AM MNSF,2026-04-20 20:54:41,2026-04-20 21:12:54,00:18:13,53.42,51.28,0.00,'861919082178889,SOBT,2026-04-20 20:54:41,2026-04-20 21:12:54,"Level-1, Status-No.Block by Server, Number-9717185678; Level-2, Status-No.Block by Server, Number-8395061400; Level-3, Status-No.Block by Server, Number-6397156643"
41,ST-UPE-OD-0003,Barradevi,UP East,Kanpur,Kanpur,BTLV,2026-04-20 20:48:36,2026-04-20 21:18:15,00:29:39,46.35,49.71,0.00,'861919082057711,SOEB,2026-04-20 02:10:47,2026-04-20 22:32:42,"Level-1, Status-No.Block by Server, Number-9936837499; Level-2, Status-No.Block by Server, Number-9140864299"
42,ST-MAH-OD-0046,Hotel Krishnna INN Khadkeshwar,Maharashtra,Vasai,Vasai.,AM MNSF,2026-04-20 20:43:58,2026-04-20 21:05:58,00:22:00,52.57,50.35,0.00,'861919084260826,SOBT,2026-04-20 20:43:58,2026-04-20 21:05:58,"Level-1, Status-DIALING, Number-9975740528; Level-2, Status-DIALING, Number-9823982397; Level-3, Status-DIALING, Number-8888806810"
43,ST-DELHI-HPSC-279,HPSC_Nandgram_Ghukna_1,Delhi,Ghaziabad,Ghaziabad,AM MNSF,2026-04-20 20:32:36,2026-04-20 20:37:39,00:05:03,49.00,49.10,0.00,'861919084309128,SOBT,2026-04-20 20:32:36,2026-04-20 20:37:39,"Level-1, Status-No.Block by Server, Number-8448102503; Level-2, Status-No.Block by Server, Number-8395061400; Level-3, Status-No.Block by Server, Number-6397156643"
44,ST-MUM-OD-0126,Bhramha Apartment,Mumbai,Mumbai,MUMBAI,BTLV,2026-04-20 20:28:03,2026-04-20 20:59:43,00:31:40,47.42,48.85,0.00,'861919084335685,SOBT,2026-04-20 20:26:38,2026-04-20 20:59:43,"Level-1, Status-DIALING, Number-9833144457; Level-2, Status-DIALING, Number-8097618466"
45,ST-MUM-OD-0126,Bhramha Apartment,Mumbai,Mumbai,MUMBAI,AM MNSF,2026-04-20 20:26:38,2026-04-20 20:59:43,00:33:05,48.92,48.85,0.00,'861919084335685,SOBT,2026-04-20 20:26:38,2026-04-20 20:59:43,"Level-1, Status-DIALING, Number-9833144457; Level-2, Status-DIALING, Number-8097618466; Level-3, Status-DIALING, Number-8108779091"
46,ST-MAH-OD-0037,Vrindavan Society Dehu Gaon,Maharashtra,Pune,Pune,AM MNSF,2026-04-20 20:25:57,2026-04-20 20:28:30,00:02:33,50.64,49.21,0.00,'861919084346542,SOBT,2026-04-20 20:25:57,2026-04-20 20:28:30,"Level-1, Status-DIALING, Number-9975894886; Level-2, Status-DIALING, Number-9975894886; Level-3, Status-DIALING, Number-8888806810"
47,ST-UPE-OD-0003,Barradevi,UP East,Kanpur,Kanpur,BTLV,2026-04-20 20:21:34,2026-04-20 20:40:20,00:18:46,46.14,49.14,0.00,'861919082057711,SOEB,2026-04-20 02:10:47,2026-04-20 22:32:42,"Level-1, Status-No.Block by Server, Number-9936837499; Level-2, Status-No.Block by Server, Number-9140864299"
48,ST-DELHI-HPSC-083,HPSC_ChhapraulaDadri_1,Delhi,Noida,Noida,AM MNSF,2026-04-20 19:57:39,2026-04-20 20:13:05,00:15:26,52.90,49.40,0.00,'866082076649285,SOBT,2026-04-20 19:57:39,2026-04-20 20:13:05,"Level-1, Status-No.Block by Server, Number-9717185678; Level-2, Status-No.Block by Server, Number-8395061400; Level-3, Status-No.Block by Server, Number-6397156643"
49,ST-MAH-OD-0016,VASAICOURT_INDS,Maharashtra,Vasai,Vasai,AM MNSF,2026-04-20 19:56:16,2026-04-20 19:58:27,00:02:11,49.64,48.92,0.00,'861919081957218,SOBT,2026-04-20 19:56:16,2026-04-20 19:58:27,"Level-1, Status-DIALING, Number-9833144457; Level-2, Status-DIALING, Number-9975894886; Level-3, Status-DIALING, Number-8888806810"
50,ST-UPE-OD-0003,Barradevi,UP East,Kanpur,Kanpur,BTLV,2026-04-20 19:45:06,2026-04-20 20:13:17,00:28:11,46.92,48.64,0.00,'861919082057711,SOEB,2026-04-20 02:10:47,2026-04-20 22:32:42,"Level-1, Status-No.Block by Server, Number-9936837499; Level-2, Status-No.Block by Server, Number-9140864299"
51,ST-MAH-OD-0053,Parkhe Vasti Susgaon,Maharashtra,Pune,Pune,AM MNSF,2026-04-20 19:43:10,2026-04-20 19:44:21,00:01:11,52.21,50.92,0.00,'861919084282036,SOBT,2026-04-20 19:43:10,2026-04-20 19:44:21,"Level-1, Status-DIALING, Number-9975894886; Level-2, Status-DIALING, Number-9975894886; Level-3, Status-DIALING, Number-8888806810"
52,ST-UPE-HPSC-020,Nanda Nagar chauraha,UP East,Gorakhpur,Gorakhpur,AM MNSF,2026-04-20 19:38:16,2026-04-20 19:48:35,00:10:19,50.10,51.30,0.00,'861919084310084,SOBT,2026-04-20 19:38:16,2026-04-20 19:48:35,"Level-1, Status-No.Block by Server, Number-9936837499; Level-2, Status-No.Block by Server, Number-9140864299; Level-3, Status-No.Block by Server, Number-8767249333"
53,ST-DELHI-HPSC-271,HPSC_Yaseen Masjid Wali Gali_Loni,Delhi,Ghaziabad,Ghaziabad,Door-Open,2026-04-20 19:36:17,2026-04-20 19:38:10,00:01:53,53.00,53.00,0.00,'861919084271385,SOEB,2026-04-20 17:15:17,2026-04-21 00:00:00,-
54,ST-DELHI-HPSC-083,HPSC_ChhapraulaDadri_1,Delhi,Noida,Noida,AM MNSF,2026-04-20 19:33:42,2026-04-20 19:43:18,00:09:36,52.20,50.20,0.00,'866082076649285,SOBT,2026-04-20 19:33:42,2026-04-20 19:43:18,"Level-1, Status-No.Block by Server, Number-9717185678; Level-2, Status-No.Block by Server, Number-8395061400; Level-3, Status-No.Block by Server, Number-6397156643"
55,ST-DELHI-MACRO-010,NOD_Sector 141_2,Delhi,Noida,Noida,Mains Failed,2026-04-20 19:33:39,2026-04-20 19:39:50,00:06:11,54.45,54.45,0.00,'866082076631002,SOEB,2026-04-20 00:00:00,2026-04-21 00:00:00,"Level-1, Status-No.Block by Server, Number-9717185678; Level-2, Status-No.Block by Server, Number-8395061400"
56,ST-DELHI-HPSC-273,HPSC_GZB_Agraula_Sector A 1,Delhi,Ghaziabad,Ghaziabad,AM MNSF,2026-04-20 19:33:34,2026-04-20 19:46:44,00:13:10,50.30,49.50,0.00,'866082076630889,SOBT,2026-04-20 19:33:34,2026-04-20 19:46:44,"Level-1, Status-No.Block by Server, Number-8448102503; Level-2, Status-No.Block by Server, Number-8395061400; Level-3, Status-No.Block by Server, Number-6397156643"
57,ST-MAH-OD-0072,Rudra Shelter Business Hotel Vasai,Maharashtra,Virar,Virar,AM MNSF,2026-04-20 19:25:51,2026-04-20 19:26:34,00:00:43,52.42,51.00,0.00,'865510082843410,SOBT,2026-04-20 19:25:51,2026-04-20 19:26:34,"Level-1, Status-DIALING, Number-9823982397; Level-2, Status-DIALING, Number-9823982397; Level-3, Status-DIALING, Number-8888806810"
58,ST-DELHI-HPSC-067,HPSC_Plam vihar Extension GGN_2,Delhi,Delhi,Delhi,AM MNSF,2026-04-20 19:22:04,2026-04-20 19:32:16,00:10:12,49.10,49.30,0.00,'861919084304525,SOBT,2026-04-20 19:22:04,2026-04-20 19:32:16,"Level-1, Status-No.Block by Server, Number-8395061400; Level-2, Status-No.Block by Server, Number-8395061400; Level-3, Status-No.Block by Server, Number-6397156643"
59,ST-UPE-HPSC-046,Durga Mandir Rd Madehgunj,UP East,Lucknow,Lucknow,AM MNSF,2026-04-20 19:01:07,2026-04-20 19:11:18,00:10:11,55.50,50.30,0.00,'866082076645994,SOBT,2026-04-20 19:01:07,2026-04-20 19:11:18,"Level-1, Status-No.Block by Server, Number-9936837499; Level-2, Status-No.Block by Server, Number-9140864299; Level-3, Status-No.Block by Server, Number-8767249333"
60,ST_MUM_HPSC_0091,Rafiq House Alternet of Janab House,Mumbai,Mumbai,MUMBAI,AM MNSF,2026-04-20 18:58:55,2026-04-20 20:14:32,01:15:37,53.64,51.85,0.00,'861919084336147,SOBT,2026-04-20 18:58:55,2026-04-20 20:14:32,"Level-1, Status-DIALING, Number-8433656064; Level-2, Status-DIALING, Number-8097618466; Level-3, Status-DIALING, Number-8108779091"
61,ST-DELHI-HPSC-213,HPSC_Kailash Nagar_Madhopura_1,Delhi,Ghaziabad,Ghaziabad,AM MNSF,2026-04-20 18:32:06,2026-04-20 18:43:08,00:11:02,49.30,49.60,0.00,'866082076649244,SOBT,2026-04-20 18:32:06,2026-04-20 18:43:08,"Level-1, Status-No.Block by Server, Number-8448102503; Level-2, Status-No.Block by Server, Number-8395061400; Level-3, Status-No.Block by Server, Number-6397156643"
62,ST-UPE-HPSC-047,Shivani Vihar Rd Abrar Nagar,UP East,Lucknow,Lucknow,AM MNSF,2026-04-20 18:31:23,2026-04-20 18:35:21,00:03:58,51.40,50.20,0.00,'866082076637645,SOBT,2026-04-20 18:31:23,2026-04-20 18:35:21,"Level-1, Status-No.Block by Server, Number-9936837499; Level-2, Status-No.Block by Server, Number-9140864299; Level-3, Status-No.Block by Server, Number-8767249333"
63,ST-MAH-OD-0011,Arni-BSNL Exch,Maharashtra,Nashik,Nashik,AM MNSF,2026-04-20 18:28:59,2026-04-20 18:31:54,00:02:55,51.21,49.42,0.00,'861919084333813,SOBT,2026-04-20 18:28:59,2026-04-20 18:31:54,"Level-1, Status-DIALING, Number-9689186432; Level-2, Status-DIALING, Number-9975894886; Level-3, Status-DIALING, Number-8888806810"
64,ST-GUJ-MACRO-048,Rasikpura GST,Gujrat,Kheda,Kheda,AM MNSF,2026-04-20 18:18:57,2026-04-20 19:10:41,00:51:44,49.85,50.57,0.00,'869742089271529,SOBT,2026-04-20 18:18:57,2026-04-20 19:10:41,"Level-1, Status-BUSY, Number-7990906615; Level-2, Status-BUSY, Number-8000012005; Level-3, Status-BUSY, Number-7226080870"
65,STPL-DELHI-HPSC-168,HPSC_Tigri_3,Delhi,Noida,Noida,AM MNSF,2026-04-20 18:14:32,2026-04-20 18:24:25,00:09:53,52.50,54.20,0.00,'866082076637959,SOBT,2026-04-20 18:14:32,2026-04-20 18:24:25,"Level-1, Status-No.Block by Server, Number-8448102503; Level-2, Status-No.Block by Server, Number-8395061400; Level-3, Status-No.Block by Server, Number-6397156643"
66,ST-DELHI-HPSC-279,HPSC_Nandgram_Ghukna_1,Delhi,Ghaziabad,Ghaziabad,TPMS Supply Failed,2026-04-20 18:14:28,2026-04-20 18:14:36,00:00:08,42.30,42.30,0.00,'861919084309128,SOBT,2026-04-20 17:59:15,2026-04-20 18:53:15,"Level-1, Status-No.Block by Server, Number-8448102503; Level-2, Status-No.Block by Server, Number-8395061400"
67,ST-MAH-OD-0038,CH. Shivaji Nagar Ulhas Nagar,Maharashtra,Kalayn,Kalayn,AM MNSF,2026-04-20 18:13:44,2026-04-20 18:29:42,00:15:58,49.78,50.57,0.00,'861919081987652,SOBT,2026-04-20 18:13:44,2026-04-20 18:29:42,"Level-1, Status-DIALING, Number-9823982397; Level-2, Status-DIALING, Number-9975894886; Level-3, Status-DIALING, Number-8888806810"
68,ST-DELHI-HPSC-187,HPSC Chhijarsi & Bahlolpur Colony,Delhi,Noida,Noida,AM MNSF,2026-04-20 18:13:15,2026-04-20 18:17:32,00:04:17,52.70,51.60,0.00,'867950079196851,SOBT,2026-04-20 18:13:15,2026-04-20 18:17:32,"Level-1, Status-No.Block by Server, Number-8448102503; Level-2, Status-No.Block by Server, Number-8395061400; Level-3, Status-No.Block by Server, Number-6397156643"
69,ST-GUJ-MACRO-030,Harikrupa Silvasa,Gujrat,Daman,Diu,Door Open,2026-04-20 18:11:47,2026-04-20 18:12:43,00:00:56,52.78,52.00,0.00,'861919081957093,SOEB,2026-04-20 10:12:22,2026-04-20 21:10:54,"Level-1, Status-DIALING, Number-9680635848; Level-2, Status-DIALING, Number-8000012005"
70,ST-DELHI-HPSC-279,HPSC_Nandgram_Ghukna_1,Delhi,Ghaziabad,Ghaziabad,TPMS Supply Failed,2026-04-20 18:07:19,2026-04-20 18:07:46,00:00:27,42.30,42.30,0.00,'861919084309128,SOBT,2026-04-20 17:59:15,2026-04-20 18:53:15,"Level-1, Status-No.Block by Server, Number-8448102503; Level-2, Status-No.Block by Server, Number-8395061400"
71,ST-GUJ-MACRO-047,Mundra RTP,Gujrat,Kutchh,Kutchh,AM MNSF,2026-04-20 18:05:45,2026-04-20 18:42:09,00:36:24,50.35,50.64,0.00,'861919084259604,SOBT,2026-04-20 18:05:45,2026-04-20 18:42:09,"Level-1, Status-DIALING, Number-6354604015; Level-2, Status-DIALING, Number-8980445100; Level-3, Status-DIALING, Number-7226080870"
72,ST-DELHI-HPSC-082,HPSC_LAL KUAN INDUSTRIAL  AREA Dadri_1,Delhi,Ghaziabad,Ghaziabad,AM MNSF,2026-04-20 18:05:17,2026-04-20 18:15:30,00:10:13,49.30,50.30,0.00,'861919084304509,SOBT,2026-04-20 18:05:17,2026-04-20 18:15:30,"Level-1, Status-No.Block by Server, Number-8448102503; Level-2, Status-No.Block by Server, Number-8395061400; Level-3, Status-No.Block by Server, Number-6397156643"
73,ST-DELHI-HPSC-279,HPSC_Nandgram_Ghukna_1,Delhi,Ghaziabad,Ghaziabad,TPMS Supply Failed,2026-04-20 18:05:01,2026-04-20 18:06:46,00:01:45,42.30,42.30,0.00,'861919084309128,SOBT,2026-04-20 17:59:15,2026-04-20 18:53:15,"Level-1, Status-No.Block by Server, Number-8448102503; Level-2, Status-No.Block by Server, Number-8395061400"
74,ST_MUM_HPSC_0047,Raju Gupta House,Mumbai,Mumbai,MUMBAI,BTLV,2026-04-20 18:04:42,2026-04-20 21:29:49,03:25:07,47.42,51.71,0.00,'861919084335982,SOBT,2026-04-20 12:47:26,2026-04-20 21:22:37,"Level-1, Status-DIALING, Number-7302556851; Level-2, Status-DIALING, Number-8097618466"
75,ST-DELHI-HPSC-279,HPSC_Nandgram_Ghukna_1,Delhi,Ghaziabad,Ghaziabad,TPMS Supply Failed,2026-04-20 18:03:29,2026-04-20 18:04:17,00:00:48,42.30,42.30,0.00,'861919084309128,SOBT,2026-04-20 17:59:15,2026-04-20 18:53:15,"Level-1, Status-No.Block by Server, Number-8448102503; Level-2, Status-No.Block by Server, Number-8395061400"
76,ST-UPE-OD-0002,AIJAZ AHEMED HOUSE PARADE,UP East,Kanpur,Kanpur,TPMS Battery Low,2026-04-20 18:03:18,2026-04-21 00:27:51,06:24:33,49.64,53.35,0.00,'861919084338242,SOEB,2026-04-20 18:03:07,2026-04-21 00:00:00,"Level-1, Status-No.Block by Server, Number-9936837499; Level-2, Status-No.Block by Server, Number-9140864299"
77,ST-MAH-OD-0017,Valpada Dapode Bhiwandi,Maharashtra,Vasai,THANE,AM MNSF,2026-04-20 17:59:10,2026-04-20 19:24:51,01:25:41,50.78,50.28,0.00,'861919084337954,SOBT,2026-04-20 17:59:10,2026-04-20 19:24:51,"Level-1, Status-DIALING, Number-9833144457; Level-2, Status-DIALING, Number-9975894886; Level-3, Status-DIALING, Number-8888806810"
78,ST-DELHI-HPSC-267,HPSC_GBD_Gali_No-1_Khora_Colony,Delhi,North Delhi,North Delhi,BTLV,2026-04-20 17:58:07,2026-04-20 18:00:11,00:02:04,47.50,50.60,0.00,'866082076628693,SOEB,2026-04-20 17:55:17,2026-04-21 00:00:00,"Level-1, Status-No.Block by Server, Number-8448102503; Level-2, Status-No.Block by Server, Number-8395061400"
79,STPL-DELHI-HPSC-167,HPSC_NEHRU NAGAR  GBD_3,Delhi,Delhi,Delhi,AM MNSF,2026-04-20 17:57:57,2026-04-20 18:15:15,00:17:18,52.10,49.40,0.00,'861919084308872,SOBT,2026-04-20 17:57:57,2026-04-20 18:15:15,"Level-1, Status-No.Block by Server, Number-8448102503; Level-2, Status-No.Block by Server, Number-8395061400; Level-3, Status-No.Block by Server, Number-6397156643"
80,ST-UPE-OD-0002,AIJAZ AHEMED HOUSE PARADE,UP East,Kanpur,Kanpur,TPMS Battery Low,2026-04-20 17:57:09,2026-04-20 18:03:07,00:05:58,51.64,49.64,0.00,'861919084338242,SOBT,2026-04-20 17:57:09,2026-04-20 18:03:07,"Level-1, Status-No.Block by Server, Number-9936837499; Level-2, Status-No.Block by Server, Number-9140864299; Level-3, Status-No.Block by Server, Number-8767249333"
81,ST-UPE-OD-0002,AIJAZ AHEMED HOUSE PARADE,UP East,Kanpur,Kanpur,AM MNSF,2026-04-20 17:57:09,2026-04-20 18:03:07,00:05:58,51.64,49.64,0.00,'861919084338242,SOBT,2026-04-20 17:57:09,2026-04-20 18:03:07,"Level-1, Status-No.Block by Server, Number-9936837499; Level-2, Status-No.Block by Server, Number-9140864299; Level-3, Status-No.Block by Server, Number-8767249333"
82,ST-KOL-HPSC-018,Raghunathpur,West Bengal,Kolkata,Kolkata,AM MNSF,2026-04-20 17:55:28,2026-04-20 17:56:34,00:01:06,53.70,51.40,0.00,'861919084349736,SOBT,2026-04-20 17:55:28,2026-04-20 17:56:34,"Level-1, Status-No.Block by Server, Number-9800291987; Level-2, Status-No.Block by Server, Number-7003719849; Level-3, Status-No.Block by Server, Number-8515863762"
83,ST-UPE-HPSC-039,Netaji Subas Chandra Bos Nagar Colony,UP East,Gorakhpur,Gorakhpur,AM MNSF,2026-04-20 17:53:10,2026-04-20 18:12:55,00:19:45,51.50,49.70,0.00,'861919084310357,SOBT,2026-04-20 17:53:10,2026-04-20 18:12:55,"Level-1, Status-No.Block by Server, Number-9936837499; Level-2, Status-No.Block by Server, Number-9140864299; Level-3, Status-No.Block by Server, Number-8767249333"
84,ST-DELHI-HPSC-262,HPSC_GBD_Gharoli_Khora_Colony,Delhi,North Delhi,North Delhi,Mains Failed,2026-04-20 17:53:07,2026-04-21 08:41:30,14:48:23,0.00,0.00,0.00,'866082076649947,SOEB,2026-04-20 00:00:00,2026-04-21 00:00:00,"Level-1, Status-No.Block by Server, Number-8448102503; Level-2, Status-No.Block by Server, Number-8395061400"
85,ST-DELHI-HPSC-279,HPSC_Nandgram_Ghukna_1,Delhi,Ghaziabad,Ghaziabad,L LVD Cut,2026-04-20 17:50:54,2026-04-20 17:59:15,00:08:21,41.80,42.30,0.00,'861919084309128,SODN,2026-04-20 17:50:54,2026-04-20 17:59:15,-
86,ST-DELHI-HPSC-203,HPSC_RajokriVasant Vihar_1,Delhi,Delhi,Gurgoan,Fiber cut,2026-04-20 17:47:34,2026-04-20 17:52:14,00:04:40,53.00,53.00,0.00,'861919084349777,SOEB,2026-04-20 00:00:00,2026-04-21 00:00:00,"Level-1, Status-No.Block by Server, Number-8395061400; Level-2, Status-No.Block by Server, Number-8395061400"
87,ST-UPE-HPSC-007,Mcrobetgunj,UP East,Kanpur,Kanpur,AM MNSF,2026-04-20 17:47:25,2026-04-20 17:53:50,00:06:25,50.10,49.60,0.00,'867950079195838,SOBT,2026-04-20 17:47:25,2026-04-20 17:53:50,"Level-1, Status-No.Block by Server, Number-9936837499; Level-2, Status-No.Block by Server, Number-9140864299; Level-3, Status-No.Block by Server, Number-8767249333"
88,ST-KOL-LMAC-001,HOWRAH DASNAGAR_71,West Bengal,Kolkata,Kolkata,Mains Failed,2026-04-20 17:47:13,2026-04-20 18:16:29,00:29:16,0.00,0.00,0.00,'861919084310183,SOEB,2026-04-20 00:00:00,2026-04-21 00:00:00,"Level-1, Status-No.Block by Server, Number-9800291987; Level-2, Status-No.Block by Server, Number-7003719849"
89,ST-DELHI-HPSC-267,HPSC_GBD_Gali_No-1_Khora_Colony,Delhi,North Delhi,North Delhi,AM MNSF,2026-04-20 17:46:03,2026-04-20 17:55:17,00:09:14,52.40,50.00,0.00,'866082076628693,SOBT,2026-04-20 17:46:03,2026-04-20 17:55:17,"Level-1, Status-No.Block by Server, Number-8448102503; Level-2, Status-No.Block by Server, Number-8395061400; Level-3, Status-No.Block by Server, Number-6397156643"
90,ST-DELHI-HPSC-279,HPSC_Nandgram_Ghukna_1,Delhi,Ghaziabad,Ghaziabad,AM MNSF,2026-04-20 17:44:41,2026-04-20 18:53:15,01:08:34,45.60,41.80,0.00,'861919084309128,SOBT,2026-04-20 17:44:41,2026-04-20 17:50:54,"Level-1, Status-No.Block by Server, Number-8448102503; Level-2, Status-No.Block by Server, Number-8395061400; Level-3, Status-No.Block by Server, Number-6397156643"
91,ST-DELHI-HPSC-203,HPSC_RajokriVasant Vihar_1,Delhi,Delhi,Gurgoan,Fiber cut,2026-04-20 17:44:14,2026-04-20 17:47:20,00:03:06,53.00,53.00,0.00,'861919084349777,SOEB,2026-04-20 00:00:00,2026-04-21 00:00:00,"Level-1, Status-No.Block by Server, Number-8395061400; Level-2, Status-No.Block by Server, Number-8395061400"
92,ST-DELHI-HPSC-085,HPSC_ Noida SECTOR 52Dadri_1,Delhi,Noida,Noida,AM MNSF,2026-04-20 17:41:41,2026-04-20 18:03:48,00:22:07,50.80,50.70,0.00,'861919084258606,SOBT,2026-04-20 17:41:41,2026-04-20 18:03:48,"Level-1, Status-No.Block by Server, Number-9717185678; Level-2, Status-No.Block by Server, Number-8395061400; Level-3, Status-No.Block by Server, Number-6397156643"
93,ST-DELHI-HPSC-194,Noida SECTOR 52 Dadri 2,Delhi,Noida,Noida,AM MNSF,2026-04-20 17:41:15,2026-04-20 17:46:47,00:05:32,51.70,49.60,0.00,'867950079195705,SOBT,2026-04-20 17:41:15,2026-04-20 17:46:47,"Level-1, Status-No.Block by Server, Number-9717185678; Level-2, Status-No.Block by Server, Number-8395061400; Level-3, Status-No.Block by Server, Number-6397156643"
94,ST-DELHI-HPSC-279,HPSC_Nandgram_Ghukna_1,Delhi,Ghaziabad,Ghaziabad,AM MNSF,2026-04-20 17:38:41,2026-04-20 17:40:40,00:01:59,40.40,39.90,0.00,'861919084309128,SODN,2026-04-20 17:38:41,2026-04-20 17:39:54,"Level-1, Status-No.Block by Server, Number-8448102503; Level-2, Status-No.Block by Server, Number-8395061400; Level-3, Status-No.Block by Server, Number-6397156643"
95,ST-DELHI-HPSC-279,HPSC_Nandgram_Ghukna_1,Delhi,Ghaziabad,Ghaziabad,L LVD Cut,2026-04-20 17:38:21,2026-04-20 17:39:54,00:01:33,39.90,40.40,0.00,'861919084309128,SODN,2026-04-20 17:38:21,2026-04-20 17:38:41,-
96,ST-DELHI-HPSC-279,HPSC_Nandgram_Ghukna_1,Delhi,Ghaziabad,Ghaziabad,BTLV,2026-04-20 17:37:41,2026-04-20 18:54:16,01:16:35,39.90,48.60,0.00,'861919084309128,SOEB,2026-04-20 17:37:41,2026-04-20 17:38:21,"Level-1, Status-No.Block by Server, Number-8448102503; Level-2, Status-No.Block by Server, Number-8395061400; Level-3, Status-No.Block by Server, Number-6397156643"
97,ST_MUM_HPSC_0071,Mannan Colony,Mumbai,Mumbai,MUMBAI,AM MNSF,2026-04-20 17:34:24,2026-04-20 17:34:35,00:00:11,53.50,53.00,0.00,'867950079196018,SOBT,2026-04-20 17:34:24,2026-04-20 17:34:35,"Level-1, Status-DIALING, Number-7208501421; Level-2, Status-DIALING, Number-8097618466; Level-3, Status-DIALING, Number-8108779091"
98,ST-HPSC-NCR-074,HPSC_Crossing Republic Golf Course GBD_1,Delhi,Noida,Noida,AM MNSF,2026-04-20 17:32:11,2026-04-20 17:49:59,00:17:48,49.20,48.60,0.00,'861919084284875,SOBT,2026-04-20 17:32:11,2026-04-20 17:49:59,"Level-1, Status-No.Block by Server, Number-8448102503; Level-2, Status-No.Block by Server, Number-8395061400; Level-3, Status-No.Block by Server, Number-6397156643"
99,ST-DELHI-HPSC-079,HPSC_ Noida Sec 130Dadri_1,Delhi,Noida,Noida,AM MNSF,2026-04-20 17:27:33,2026-04-20 17:35:20,00:07:47,51.78,53.00,0.00,'861919082023523,SOBT,2026-04-20 17:27:33,2026-04-20 17:35:20,"Level-1, Status-No.Block by Server, Number-9717185678; Level-2, Status-No.Block by Server, Number-8395061400; Level-3, Status-No.Block by Server, Number-6397156643"
100,ST-ROB-HPSC-001,Malrameswarpur-HPSC,West Bengal,Kolkata,Kolkata,AM MNSF,2026-04-20 17:26:12,2026-04-20 17:35:23,00:09:11,51.60,49.50,0.00,'861919084309300,SOBT,2026-04-20 17:26:12,2026-04-20 17:35:23,"Level-1, Status-No.Block by Server, Number-9800291987; Level-2, Status-No.Block by Server, Number-7003719849; Level-3, Status-No.Block by Server, Number-8515863762"
101,ST-DELHI-HPSC-085,HPSC_ Noida SECTOR 52Dadri_1,Delhi,Noida,Noida,AM MNSF,2026-04-20 17:25:12,2026-04-20 17:30:53,00:05:41,51.40,51.40,0.00,'861919084258606,SOBT,2026-04-20 17:25:12,2026-04-20 17:30:53,"Level-1, Status-No.Block by Server, Number-9717185678; Level-2, Status-No.Block by Server, Number-8395061400; Level-3, Status-No.Block by Server, Number-6397156643"
102,ST-MAH-OD-0036,BoradeBankarWastiMoshi,Maharashtra,Pune,Pune,AM MNSF,2026-04-20 17:24:42,2026-04-20 17:40:59,00:16:17,51.57,51.14,0.00,'861919084260586,SOBT,2026-04-20 17:24:42,2026-04-20 17:40:59,"Level-1, Status-DIALING, Number-9975894886; Level-2, Status-DIALING, Number-9975894886; Level-3, Status-DIALING, Number-8888806810"
103,ST-DELHI-HPSC-082,HPSC_LAL KUAN INDUSTRIAL  AREA Dadri_1,Delhi,Ghaziabad,Ghaziabad,AM MNSF,2026-04-20 17:24:19,2026-04-20 17:34:21,00:10:02,49.30,52.60,0.00,'861919084304509,SOBT,2026-04-20 17:24:19,2026-04-20 17:34:21,"Level-1, Status-No.Block by Server, Number-8448102503; Level-2, Status-No.Block by Server, Number-8395061400; Level-3, Status-No.Block by Server, Number-6397156643"
104,ST-DELHI-HPSC-078,HPSC_Sec134  Noida_1,Delhi,Faridabad,Faridabad,AM MNSF,2026-04-20 17:23:57,2026-04-20 17:44:36,00:20:39,49.80,50.30,0.00,'861919084310456,SOBT,2026-04-20 17:23:57,2026-04-20 17:44:36,"Level-1, Status-No.Block by Server, Number-9717185678; Level-2, Status-No.Block by Server, Number-8395061400; Level-3, Status-No.Block by Server, Number-6397156643"
105,ST-DELHI-HPSC-203,HPSC_RajokriVasant Vihar_1,Delhi,Delhi,Gurgoan,Fiber cut,2026-04-20 17:22:10,2026-04-20 17:39:03,00:16:53,53.00,53.00,0.00,'861919084349777,SOEB,2026-04-20 00:00:00,2026-04-21 00:00:00,"Level-1, Status-No.Block by Server, Number-8395061400; Level-2, Status-No.Block by Server, Number-8395061400"
106,ST-HPSC-NCR-074,HPSC_Crossing Republic Golf Course GBD_1,Delhi,Noida,Noida,AM MNSF,2026-04-20 17:16:34,2026-04-20 17:21:10,00:04:36,50.70,49.30,0.00,'861919084284875,SOBT,2026-04-20 17:16:34,2026-04-20 17:21:10,"Level-1, Status-No.Block by Server, Number-8448102503; Level-2, Status-No.Block by Server, Number-8395061400; Level-3, Status-No.Block by Server, Number-6397156643"
107,ST-UPE-HPSC-007,Mcrobetgunj,UP East,Kanpur,Kanpur,AM MNSF,2026-04-20 17:12:18,2026-04-20 17:24:55,00:12:37,49.90,49.60,0.00,'867950079195838,SOBT,2026-04-20 17:12:18,2026-04-20 17:24:55,"Level-1, Status-No.Block by Server, Number-9936837499; Level-2, Status-No.Block by Server, Number-9140864299; Level-3, Status-No.Block by Server, Number-8767249333"
108,ST-DELHI-HPSC-271,HPSC_Yaseen Masjid Wali Gali_Loni,Delhi,Ghaziabad,Ghaziabad,AM MNSF,2026-04-20 17:08:12,2026-04-20 17:15:17,00:07:05,51.70,50.60,0.00,'861919084271385,SOBT,2026-04-20 17:08:12,2026-04-20 17:15:17,"Level-1, Status-No.Block by Server, Number-8448102503; Level-2, Status-No.Block by Server, Number-8395061400; Level-3, Status-No.Block by Server, Number-6397156643"
109,ST-UPE-HPSC-051,Gujaini,UP East,Kanpur,Kanpur,AM MNSF,2026-04-20 17:03:46,2026-04-20 17:14:14,00:10:28,49.60,50.20,0.00,'867950079198600,SOBT,2026-04-20 17:03:46,2026-04-20 17:14:14,"Level-1, Status-No.Block by Server, Number-9936837499; Level-2, Status-No.Block by Server, Number-9140864299; Level-3, Status-No.Block by Server, Number-8767249333"
110,ST-DELHI-HPSC-083,HPSC_ChhapraulaDadri_1,Delhi,Noida,Noida,AM MNSF,2026-04-20 17:01:41,2026-04-20 18:19:24,01:17:43,51.80,49.10,0.00,'866082076649285,SOBT,2026-04-20 17:01:41,2026-04-20 18:19:24,"Level-1, Status-No.Block by Server, Number-9717185678; Level-2, Status-No.Block by Server, Number-8395061400; Level-3, Status-No.Block by Server, Number-6397156643"
111,ST-DELHI-HPSC-056,HPSC_ GGN SECTOR 10 GGN_1,Delhi,Delhi,Delhi,AM MNSF,2026-04-20 16:53:09,2026-04-20 17:24:09,00:31:00,49.40,0.00,0.00,'867950079195366,SOBT,2026-04-20 16:53:09,2026-04-20 17:24:09,"Level-1, Status-No.Block by Server, Number-8395061400; Level-2, Status-No.Block by Server, Number-8395061400; Level-3, Status-No.Block by Server, Number-6397156643"
112,STPL-DELHI-HPSC-168,HPSC_Tigri_3,Delhi,Noida,Noida,AM MNSF,2026-04-20 16:43:42,2026-04-20 17:23:55,00:40:13,51.40,50.10,0.00,'866082076637959,SOBT,2026-04-20 16:43:42,2026-04-20 17:23:55,"Level-1, Status-No.Block by Server, Number-8448102503; Level-2, Status-No.Block by Server, Number-8395061400; Level-3, Status-No.Block by Server, Number-6397156643"
113,ST-UPE-HPSC-025,The Grand JBR Hotel,UP East,Lucknow,Lucknow,AM MNSF,2026-04-20 16:43:29,2026-04-20 16:44:29,00:01:00,49.90,50.10,0.00,'866082076609032,SOBT,2026-04-20 16:43:29,2026-04-20 16:44:29,"Level-1, Status-No.Block by Server, Number-9936837499; Level-2, Status-No.Block by Server, Number-9140864299; Level-3, Status-No.Block by Server, Number-8767249333"
114,ST-DELHI-HPSC-187,HPSC Chhijarsi & Bahlolpur Colony,Delhi,Noida,Noida,AM MNSF,2026-04-20 16:42:10,2026-04-20 17:20:28,00:38:18,51.80,49.30,0.00,'867950079196851,SOBT,2026-04-20 16:42:10,2026-04-20 17:20:28,"Level-1, Status-No.Block by Server, Number-8448102503; Level-2, Status-No.Block by Server, Number-8395061400; Level-3, Status-No.Block by Server, Number-6397156643"
115,ST-MAH-OD-0035,Sahyadri colony rasal hight new sanghavi,Maharashtra,Pune,Pune,AM MNSF,2026-04-20 16:41:31,2026-04-20 17:08:04,00:26:33,50.21,50.14,0.00,'861919081954074,SOBT,2026-04-20 16:41:31,2026-04-20 17:08:04,"Level-1, Status-DIALING, Number-9975894886; Level-2, Status-DIALING, Number-9975894886; Level-3, Status-DIALING, Number-8888806810"
116,ST-MAH-OD-0061,Rajguru Colony Talegaon Dabhade,Maharashtra,Pune,Pune,AM MNSF,2026-04-20 16:38:10,2026-04-20 16:43:16,00:05:06,52.00,49.42,0.00,'869742089164401,SOBT,2026-04-20 16:38:10,2026-04-20 16:43:16,"Level-1, Status-DIALING, Number-9975894886; Level-2, Status-DIALING, Number-9975894886; Level-3, Status-DIALING, Number-8888806810"
117,ST-MUM-HPSC-0043,Zulfekhar Ahmad Siddique,Mumbai,Mumbai,MUMBAI,TPMS Battery Low,2026-04-20 16:35:48,2026-04-20 17:35:31,00:59:43,0.78,52.70,0.00,'861919084338937,SOBT,2026-04-20 12:21:40,2026-04-20 17:10:16,"Level-1, Status-DIALING, Number-8433656064; Level-2, Status-DIALING, Number-8097618466"
118,ST-MAH-OD-0004,Bitsom,Maharashtra,Vasai,THANE,BTLV,2026-04-20 16:32:10,2026-04-20 16:34:07,00:01:57,46.35,48.71,0.00,'861919084333250,SOBT,2026-04-20 16:32:10,2026-04-20 16:34:07,"Level-1, Status-DIALING, Number-9833144457; Level-2, Status-DIALING, Number-9975894886; Level-3, Status-DIALING, Number-8888806810"
119,ST-MAH-OD-0004,Bitsom,Maharashtra,Vasai,THANE,AM MNSF,2026-04-20 16:32:10,2026-04-20 16:34:07,00:01:57,46.35,48.71,0.00,'861919084333250,SOBT,2026-04-20 16:32:10,2026-04-20 16:34:07,"Level-1, Status-DIALING, Number-9833144457; Level-2, Status-DIALING, Number-9975894886; Level-3, Status-DIALING, Number-8888806810"
120,ST-MAH-OD-0038,CH. Shivaji Nagar Ulhas Nagar,Maharashtra,Kalayn,Kalayn,AM MNSF,2026-04-20 16:29:00,2026-04-20 17:41:39,01:12:39,52.64,50.21,0.00,'861919081987652,SOBT,2026-04-20 16:29:00,2026-04-20 17:41:39,"Level-1, Status-BUSY, Number-9823982397; Level-2, Status-BUSY, Number-9975894886; Level-3, Status-No.Block by Server, Number-8888806810"
121,ST-ROB-HPSC-001,Malrameswarpur-HPSC,West Bengal,Kolkata,Kolkata,AM MNSF,2026-04-20 16:26:08,2026-04-20 16:31:18,00:05:10,50.90,49.90,0.00,'861919084309300,SOBT,2026-04-20 16:26:08,2026-04-20 16:31:18,"Level-1, Status-No.Block by Server, Number-9800291987; Level-2, Status-No.Block by Server, Number-7003719849; Level-3, Status-No.Block by Server, Number-8515863762"
122,ST-MAH-OD-0030,UPPER DEPO,Maharashtra,Pune,Pune,AM MNSF,2026-04-20 16:26:06,2026-04-20 16:26:33,00:00:27,49.70,48.71,0.00,'861919081961475,SOBT,2026-04-20 16:26:06,2026-04-20 16:26:33,"Level-1, Status-DIALING, Number-9823982397; Level-2, Status-DIALING, Number-9975894886; Level-3, Status-DIALING, Number-8888806810"
123,ST-KOL-HPSC-006,Hindmotor,West Bengal,Kolkata,Kolkata,AM MNSF,2026-04-20 16:24:19,2026-04-20 16:34:23,00:10:04,51.40,49.60,0.00,'866082076649897,SOBT,2026-04-20 16:24:19,2026-04-20 16:34:23,"Level-1, Status-No.Block by Server, Number-9800291987; Level-2, Status-No.Block by Server, Number-7003719849; Level-3, Status-No.Block by Server, Number-8515863762"
124,ST-DELHI-HPSC-267,HPSC_GBD_Gali_No-1_Khora_Colony,Delhi,North Delhi,North Delhi,BTLV,2026-04-20 16:24:08,2026-04-20 16:26:11,00:02:03,47.90,51.40,0.00,'866082076628693,SOEB,2026-04-20 16:02:39,2026-04-20 17:46:03,"Level-1, Status-No.Block by Server, Number-8448102503; Level-2, Status-No.Block by Server, Number-8395061400"
125,ST-DELHI-HPSC-083,HPSC_ChhapraulaDadri_1,Delhi,Noida,Noida,AM MNSF,2026-04-20 16:23:25,2026-04-20 16:35:22,00:11:57,51.30,50.00,0.00,'866082076649285,SOBT,2026-04-20 16:23:25,2026-04-20 16:35:22,"Level-1, Status-No.Block by Server, Number-9717185678; Level-2, Status-No.Block by Server, Number-8395061400; Level-3, Status-No.Block by Server, Number-6397156643"
126,ST-DELHI-HPSC-271,HPSC_Yaseen Masjid Wali Gali_Loni,Delhi,Ghaziabad,Ghaziabad,AM MNSF,2026-04-20 16:22:24,2026-04-20 16:26:08,00:03:44,51.30,50.70,0.00,'861919084271385,SOBT,2026-04-20 16:22:24,2026-04-20 16:26:08,"Level-1, Status-No.Block by Server, Number-8448102503; Level-2, Status-No.Block by Server, Number-8395061400; Level-3, Status-No.Block by Server, Number-6397156643"
127,ST-DELHI-HPSC-271,HPSC_Yaseen Masjid Wali Gali_Loni,Delhi,Ghaziabad,Ghaziabad,AM MNSF,2026-04-20 16:15:19,2026-04-20 16:21:24,00:06:05,54.50,49.50,0.00,'861919084271385,SOBT,2026-04-20 16:15:19,2026-04-20 16:21:24,"Level-1, Status-No.Block by Server, Number-8448102503; Level-2, Status-No.Block by Server, Number-8395061400; Level-3, Status-No.Block by Server, Number-6397156643"
128,ST-KAR-HPSC-002,Pandari Building,Karnataka,Bangalore,Bangalore,AM MNSF,2026-04-20 16:14:10,2026-04-20 16:15:57,00:01:47,53.40,53.10,0.00,'866082076631309,SOBT,2026-04-20 16:14:10,2026-04-20 16:15:57,"Level-1, Status-DIALING, Number-9483795832; Level-2, Status-DIALING, Number-9483795832; Level-3, Status-DIALING, Number-9845460610"
129,ST-UPE-HPSC-053,Daheli Sujanpur-2,UP East,Kanpur,Kanpur,AM MNSF,2026-04-20 16:06:33,2026-04-20 16:13:07,00:06:34,53.00,53.57,0.00,'861919084346062,SOBT,2026-04-20 16:06:33,2026-04-20 16:13:07,"Level-1, Status-No.Block by Server, Number-9936837499; Level-2, Status-No.Block by Server, Number-9140864299; Level-3, Status-No.Block by Server, Number-8767249333"
130,ST-MAH-OD-0058,Bandshil,Maharashtra,RAIGAD,PUNE-3,L LVD Cut,2026-04-20 16:04:42,2026-04-20 16:08:52,00:04:10,46.00,1.14,0.00,'865510082912504,SODN,2026-04-20 16:04:42,2026-04-20 16:08:52,"Level-1, Status-DIALING, Number-9975894886; Level-2, Status-DIALING, Number-9975894886"
131,ST-MAH-OD-0058,Bandshil,Maharashtra,RAIGAD,PUNE-3,TPMS Supply Failed,2026-04-20 16:04:29,2026-04-20 16:08:52,00:04:23,46.00,1.14,0.00,'865510082912504,SOEB,2026-04-20 13:50:35,2026-04-20 16:04:42,"Level-1, Status-DIALING, Number-9975894886; Level-2, Status-DIALING, Number-9975894886"
132,ST-DELHI-HPSC-248,HPSC_Hastsal_Patel_Nagar_19,Delhi,Gurugram,Gurugram,Door-Open,2026-04-20 16:03:22,2026-04-20 16:33:17,00:29:55,54.00,53.10,0.00,'861919084310621,SOEB,2026-04-20 10:26:28,2026-04-21 00:00:00,"Level-1, Status-DIALING, Number-9315997041; Level-2, Status-DIALING, Number-8395061400"
133,ST-GUJ-MACRO-014,Daman Rohit Bhavan,Gujrat,Surat,Surat,AM MNSF,2026-04-20 16:01:33,2026-04-20 16:03:35,00:02:02,49.78,48.64,0.00,'861919084336410,SOBT,2026-04-20 16:01:33,2026-04-20 16:03:35,"Level-1, Status-DIALING, Number-8866667999; Level-2, Status-DIALING, Number-8000012005; Level-3, Status-DIALING, Number-7226080870"
134,ST-DELHI-HPSC-203,HPSC_RajokriVasant Vihar_1,Delhi,Delhi,Gurgoan,Fiber cut,2026-04-20 16:01:17,2026-04-20 17:21:42,01:20:25,53.10,53.00,0.00,'861919084349777,SOEB,2026-04-20 00:00:00,2026-04-21 00:00:00,"Level-1, Status-No.Block by Server, Number-8395061400; Level-2, Status-No.Block by Server, Number-8395061400"
135,ST-DELHI-HPSC-262,HPSC_GBD_Gharoli_Khora_Colony,Delhi,North Delhi,North Delhi,Mains Failed,2026-04-20 15:59:46,2026-04-20 17:46:10,01:46:24,0.00,0.00,0.00,'866082076649947,SOEB,2026-04-20 00:00:00,2026-04-21 00:00:00,"Level-1, Status-No.Block by Server, Number-8448102503; Level-2, Status-No.Block by Server, Number-8395061400"
136,ST-MAH-OD-0053,Parkhe Vasti Susgaon,Maharashtra,Pune,Pune,AM MNSF,2026-04-20 15:56:56,2026-04-20 16:12:42,00:15:46,49.92,50.78,0.00,'861919084282036,SOBT,2026-04-20 15:56:56,2026-04-20 16:12:42,"Level-1, Status-DIALING, Number-9975894886; Level-2, Status-DIALING, Number-9975894886; Level-3, Status-DIALING, Number-8888806810"
137,ST-MAH-OD-0038,CH. Shivaji Nagar Ulhas Nagar,Maharashtra,Kalayn,Kalayn,AM MNSF,2026-04-20 15:51:01,2026-04-20 16:08:46,00:17:45,52.42,49.42,0.00,'861919081987652,SOBT,2026-04-20 15:51:01,2026-04-20 16:08:46,"Level-1, Status-DIALING, Number-9823982397; Level-2, Status-DIALING, Number-9975894886; Level-3, Status-DIALING, Number-8888806810"
138,ST-UPE-HPSC-045,Sunderpur Chauraha,UP East,Varanasi,Varanasi,AM MNSF,2026-04-20 15:48:07,2026-04-20 16:08:35,00:20:28,53.00,49.50,0.00,'867950079197057,SOBT,2026-04-20 15:48:07,2026-04-20 16:08:35,"Level-1, Status-No.Block by Server, Number-9936837499; Level-2, Status-No.Block by Server, Number-9140864299; Level-3, Status-No.Block by Server, Number-8767249333"
139,ST-DELHI-HPSC-267,HPSC_GBD_Gali_No-1_Khora_Colony,Delhi,North Delhi,North Delhi,AM MNSF,2026-04-20 15:43:56,2026-04-20 16:02:39,00:18:43,49.50,49.40,0.00,'866082076628693,SOBT,2026-04-20 15:43:56,2026-04-20 16:02:39,"Level-1, Status-No.Block by Server, Number-8448102503; Level-2, Status-No.Block by Server, Number-8395061400; Level-3, Status-No.Block by Server, Number-6397156643"
140,ST-KAR-MACRO-030,Saroja Bldg,Karnataka,Bangalore,Bangalore,AM MNSF,2026-04-20 15:43:20,2026-04-20 17:25:03,01:41:43,49.99,0.00,0.00,'867950079196760,SOBT,2026-04-20 15:43:20,2026-04-20 17:25:03,"Level-1, Status-DIALING, Number-9483795832; Level-2, Status-DIALING, Number-9483795832; Level-3, Status-DIALING, Number-9845460610"
141,ST-UPE-OD-0003,Barradevi,UP East,Kanpur,Kanpur,BTLV,2026-04-20 15:43:10,2026-04-20 19:36:45,03:53:35,47.42,49.64,0.00,'861919082057711,SOEB,2026-04-20 02:10:47,2026-04-20 22:32:42,"Level-1, Status-No.Block by Server, Number-9936837499; Level-2, Status-No.Block by Server, Number-9140864299"
142,ST_MUM_HPSC_0102,Akbar shaikh House Titwala,Mumbai,Mumbai,MUMBAI,AM MNSF,2026-04-20 15:37:17,2026-04-20 17:40:51,02:03:34,50.40,49.50,0.00,'866082076638973,SOBT,2026-04-20 15:37:17,2026-04-20 17:40:51,"Level-1, Status-DIALING, Number-9833144457; Level-2, Status-DIALING, Number-8097618466; Level-3, Status-DIALING, Number-8108779091"
143,STPL-MUM-OD-M090,Priya Wines,Mumbai,Mumbai,MUMBAI,BTLV,2026-04-20 15:37:16,2026-04-20 16:04:33,00:27:17,46.64,52.85,0.00,'861919084334837,SOBT,2026-04-20 15:36:39,2026-04-20 16:04:33,"Level-1, Status-DIALING, Number-8898214454; Level-2, Status-DIALING, Number-8097618466"
144,STPL-MUM-OD-M090,Priya Wines,Mumbai,Mumbai,MUMBAI,AM MNSF,2026-04-20 15:36:39,2026-04-20 16:04:33,00:27:54,49.21,52.85,0.00,'861919084334837,SOBT,2026-04-20 15:36:39,2026-04-20 16:04:33,"Level-1, Status-DIALING, Number-8898214454; Level-2, Status-DIALING, Number-8097618466; Level-3, Status-DIALING, Number-8108779091"
145,ST-UPE-HPSC-007,Mcrobetgunj,UP East,Kanpur,Kanpur,AM MNSF,2026-04-20 15:33:51,2026-04-20 15:39:10,00:05:19,50.10,49.10,0.00,'867950079195838,SOBT,2026-04-20 15:33:51,2026-04-20 15:39:10,"Level-1, Status-No.Block by Server, Number-9936837499; Level-2, Status-No.Block by Server, Number-9140864299; Level-3, Status-No.Block by Server, Number-8767249333"
146,STPL-DELHI-HPSC-168,HPSC_Tigri_3,Delhi,Noida,Noida,AM MNSF,2026-04-20 15:33:14,2026-04-20 15:53:28,00:20:14,50.50,49.90,0.00,'866082076637959,SOBT,2026-04-20 15:33:14,2026-04-20 15:53:28,"Level-1, Status-No.Block by Server, Number-8448102503; Level-2, Status-No.Block by Server, Number-8395061400; Level-3, Status-No.Block by Server, Number-6397156643"
147,ST_MUM_HPSC_0096,Dr.Revandkar ,Mumbai,Mumbai,MUMBAI,AM MNSF,2026-04-20 15:31:33,2026-04-20 15:40:08,00:08:35,49.78,48.70,0.00,'861919084335859,SOBT,2026-04-20 15:31:33,2026-04-20 15:40:08,"Level-1, Status-DIALING, Number-8433656064; Level-2, Status-DIALING, Number-8097618466; Level-3, Status-DIALING, Number-8108779091"
148,ST-DELHI-HPSC-037,HPSC_NoidaSECTOR22Dadri_1,Delhi,Noida,Noida,AM MNSF,2026-04-20 15:28:14,2026-04-20 15:47:18,00:19:04,51.20,49.20,0.00,'861919084308393,SOBT,2026-04-20 15:28:14,2026-04-20 15:47:18,"Level-1, Status-No.Block by Server, Number-9717185678; Level-2, Status-No.Block by Server, Number-8395061400; Level-3, Status-No.Block by Server, Number-6397156643"
149,ST-DELHI-HPSC-187,HPSC Chhijarsi & Bahlolpur Colony,Delhi,Noida,Noida,AM MNSF,2026-04-20 15:27:43,2026-04-20 15:52:15,00:24:32,52.10,49.50,0.00,'867950079196851,SOBT,2026-04-20 15:27:43,2026-04-20 15:52:15,"Level-1, Status-No.Block by Server, Number-8448102503; Level-2, Status-No.Block by Server, Number-8395061400; Level-3, Status-No.Block by Server, Number-6397156643"
150,ST-MAH-OD-0061,Rajguru Colony Talegaon Dabhade,Maharashtra,Pune,Pune,AM MNSF,2026-04-20 15:27:36,2026-04-20 15:39:06,00:11:30,51.70,50.92,0.00,'869742089164401,SOBT,2026-04-20 15:27:36,2026-04-20 15:39:06,"Level-1, Status-DIALING, Number-9975894886; Level-2, Status-DIALING, Number-9975894886; Level-3, Status-DIALING, Number-8888806810"
151,ST-DELHI-HPSC-279,HPSC_Nandgram_Ghukna_1,Delhi,Ghaziabad,Ghaziabad,TPMS Battery Low,2026-04-20 15:24:30,2026-04-20 15:25:14,00:00:44,42.50,42.50,0.00,'861919084309128,SODN,2026-04-20 15:24:30,2026-04-20 17:37:41,-
152,ST-DELHI-HPSC-279,HPSC_Nandgram_Ghukna_1,Delhi,Ghaziabad,Ghaziabad,TPMS Supply Failed,2026-04-20 15:24:30,2026-04-20 15:25:14,00:00:44,42.50,42.50,0.00,'861919084309128,SODN,2026-04-20 15:24:30,2026-04-20 17:37:41,-
153,ST-DELHI-HPSC-279,HPSC_Nandgram_Ghukna_1,Delhi,Ghaziabad,Ghaziabad,L LVD Cut,2026-04-20 15:24:30,2026-04-20 15:25:14,00:00:44,42.50,42.50,0.00,'861919084309128,SODN,2026-04-20 15:24:30,2026-04-20 17:37:41,-
154,ST-MAH-OD-0009,Yug villa,Maharashtra,Vasai,THANE,Door Open,2026-04-20 15:22:24,2026-04-20 15:26:45,00:04:21,49.57,50.42,0.00,'861919084336808,SOBT,2026-04-20 15:20:32,2026-04-20 15:26:45,"Level-1, Status-DIALING, Number-9833144457; Level-2, Status-DIALING, Number-9975894886"
155,ST-DELHI-HPSC-191,HPSC Parsvnath Exotica Sector531,Delhi,Gurgaon,Gurgaon,AM MNSF,2026-04-20 15:17:14,2026-04-20 15:17:44,00:00:30,53.00,53.00,0.00,'867950079195432,SOBT,2026-04-20 15:17:14,2026-04-20 15:17:44,"Level-1, Status-No.Block by Server, Number-8395061400; Level-2, Status-No.Block by Server, Number-8395061400; Level-3, Status-No.Block by Server, Number-6397156643"
156,ST-DELHI-HPSC-172,HPSC_Dadri_2,Delhi,Noida,Noida,AM MNSF,2026-04-20 15:14:35,2026-04-20 15:37:00,00:22:25,53.42,51.70,0.00,'861919081971185,SOBT,2026-04-20 15:14:35,2026-04-20 15:37:00,"Level-1, Status-No.Block by Server, Number-9717185678; Level-2, Status-No.Block by Server, Number-8395061400; Level-3, Status-No.Block by Server, Number-6397156643"
157,ST-UPE-OD-0003,Barradevi,UP East,Kanpur,Kanpur,Door-Open,2026-04-20 15:14:14,2026-04-20 16:10:17,00:56:03,47.71,47.64,0.00,'861919082057711,SOEB,2026-04-20 02:10:47,2026-04-20 22:32:42,"Level-1, Status-No.Block by Server, Number-9936837499; Level-2, Status-No.Block by Server, Number-9140864299"
158,ST-DELHI-HPSC-230,HPSC_LAXMAN VIHAR GGN_1,Delhi,Delhi,Delhi,Door-Open,2026-04-20 15:13:53,2026-04-20 15:17:30,00:03:37,0.00,0.00,0.00,'861919084304434,SOEB,2026-04-20 00:00:00,2026-04-21 00:00:00,"Level-1, Status-No.Block by Server, Number-8395061400; Level-2, Status-No.Block by Server, Number-8395061400"
159,ST-UPE-HPSC-007,Mcrobetgunj,UP East,Kanpur,Kanpur,AM MNSF,2026-04-20 15:09:33,2026-04-20 15:22:57,00:13:24,51.70,49.50,0.00,'867950079195838,SOBT,2026-04-20 15:09:33,2026-04-20 15:22:57,"Level-1, Status-No.Block by Server, Number-9936837499; Level-2, Status-No.Block by Server, Number-9140864299; Level-3, Status-No.Block by Server, Number-8767249333"
160,ST-DELHI-HPSC-006,HPSC_Surya Vihar Part II_Sector 911,Delhi,Faizabad,Faizabad,AM MNSF,2026-04-20 15:06:09,2026-04-20 15:16:09,00:10:00,51.20,49.40,0.00,'861919084309284,SOBT,2026-04-20 15:06:09,2026-04-20 15:16:09,"Level-1, Status-DIALING, Number-6392031410; Level-2, Status-DIALING, Number-8395061400; Level-3, Status-DIALING, Number-6397156643"
161,ST_MUM_HPSC_0091,Rafiq House Alternet of Janab House,Mumbai,Mumbai,MUMBAI,AM MNSF,2026-04-20 15:05:39,2026-04-20 17:05:32,01:59:53,52.14,51.42,0.00,'861919084336147,SOBT,2026-04-20 15:05:39,2026-04-20 17:05:32,"Level-1, Status-DIALING, Number-8433656064; Level-2, Status-DIALING, Number-8097618466; Level-3, Status-DIALING, Number-8108779091"
162,ST-DELHI-HPSC-265,HPSC_NOD_Sultanpur,Delhi,North Delhi,North Delhi,AM MNSF,2026-04-20 15:03:17,2026-04-20 15:22:47,00:19:30,49.50,49.00,0.00,'866082076647685,SOBT,2026-04-20 15:03:17,2026-04-20 15:22:47,"Level-1, Status-No.Block by Server, Number-9717185678; Level-2, Status-No.Block by Server, Number-8395061400; Level-3, Status-No.Block by Server, Number-6397156643"
163,ST-DELHI-HPSC-322,HPSC_GBD_Partap_Vihar_Khora,Delhi,Ghaziabad,Ghaziabad,AM MNSF,2026-04-20 15:03:08,2026-04-20 15:19:14,00:16:06,52.80,50.10,0.00,'861919084283281,SOBT,2026-04-20 15:03:08,2026-04-20 15:19:14,"Level-1, Status-No.Block by Server, Number-8448102503; Level-2, Status-No.Block by Server, Number-8395061400; Level-3, Status-No.Block by Server, Number-6397156643"
164,ST-DELHI-HPSC-171,HPSC_Sirsa Gautam Buddha Nagar_2,Delhi,Noida,Noida,AM MNSF,2026-04-20 14:59:29,2026-04-20 17:56:45,02:57:16,51.60,49.20,0.00,'861919084311611,SOBT,2026-04-20 14:59:29,2026-04-20 17:56:45,"Level-1, Status-No.Block by Server, Number-9717185678; Level-2, Status-No.Block by Server, Number-8395061400; Level-3, Status-No.Block by Server, Number-6397156643"
165,ST-DELHI-HPSC-203,HPSC_RajokriVasant Vihar_1,Delhi,Delhi,Gurgoan,Fiber cut,2026-04-20 14:59:11,2026-04-20 16:01:12,01:02:01,54.00,53.10,0.00,'861919084349777,SOEB,2026-04-20 00:00:00,2026-04-21 00:00:00,"Level-1, Status-No.Block by Server, Number-8395061400; Level-2, Status-No.Block by Server, Number-8395061400"
166,ST-DELHI-HPSC-191,HPSC Parsvnath Exotica Sector531,Delhi,Gurgaon,Gurgaon,AM MNSF,2026-04-20 14:55:17,2026-04-20 14:56:12,00:00:55,53.00,53.00,0.00,'867950079195432,SOBT,2026-04-20 14:55:17,2026-04-20 14:56:12,"Level-1, Status-No.Block by Server, Number-8395061400; Level-2, Status-No.Block by Server, Number-8395061400; Level-3, Status-No.Block by Server, Number-6397156643"
167,ST-DELHI-HPSC-213,HPSC_Kailash Nagar_Madhopura_1,Delhi,Ghaziabad,Ghaziabad,AM MNSF,2026-04-20 14:54:36,2026-04-20 15:05:00,00:10:24,50.80,50.20,0.00,'866082076649244,SOBT,2026-04-20 14:54:36,2026-04-20 15:05:00,"Level-1, Status-No.Block by Server, Number-8448102503; Level-2, Status-No.Block by Server, Number-8395061400; Level-3, Status-No.Block by Server, Number-6397156643"
168,ST-DELHI-HPSC-273,HPSC_GZB_Agraula_Sector A 1,Delhi,Ghaziabad,Ghaziabad,AM MNSF,2026-04-20 14:51:48,2026-04-20 17:04:37,02:12:49,50.60,49.80,0.00,'866082076630889,SOBT,2026-04-20 14:51:48,2026-04-20 17:04:37,"Level-1, Status-No.Block by Server, Number-8448102503; Level-2, Status-No.Block by Server, Number-8395061400; Level-3, Status-No.Block by Server, Number-6397156643"
169,ST-UPE-OD-0003,Barradevi,UP East,Kanpur,Kanpur,BTLV,2026-04-20 14:49:00,2026-04-20 15:14:52,00:25:52,47.42,49.50,0.00,'861919082057711,SOEB,2026-04-20 02:10:47,2026-04-20 22:32:42,"Level-1, Status-No.Block by Server, Number-9936837499; Level-2, Status-No.Block by Server, Number-9140864299"
170,ST_MUM_HPSC_0100,Shiv Sena Sakha,Mumbai,Mumbai,MUMBAI,AM MNSF,2026-04-20 14:48:28,2026-04-20 14:48:38,00:00:10,53.50,53.00,0.00,'867950079196919,SOBT,2026-04-20 14:48:28,2026-04-20 14:48:38,"Level-1, Status-DIALING, Number-8898214454; Level-2, Status-DIALING, Number-8097618466; Level-3, Status-DIALING, Number-8108779091"
171,ST-UPE-HPSC-038,"Near Shadab Chauraha, Kalindipuram",UP East,Prayagraj,Prayagraj,AM MNSF,2026-04-20 14:48:15,2026-04-20 15:39:23,00:51:08,49.50,50.20,0.00,'861919084309979,SOBT,2026-04-20 14:48:15,2026-04-20 15:39:23,"Level-1, Status-No.Block by Server, Number-9936837499; Level-2, Status-No.Block by Server, Number-9140864299; Level-3, Status-No.Block by Server, Number-8767249333"
172,ST-MAH-OD-0009,Yug villa,Maharashtra,Vasai,THANE,AM MNSF,2026-04-20 14:47:58,2026-04-20 15:15:10,00:27:12,50.64,50.64,0.00,'861919084336808,SOBT,2026-04-20 14:47:58,2026-04-20 15:15:10,"Level-1, Status-DIALING, Number-9833144457; Level-2, Status-DIALING, Number-9975894886; Level-3, Status-DIALING, Number-8888806810"
173,ST_MUM_HPSC_051,Sadan Height,Mumbai,Mumbai,MUMBAI,Mains Failed,2026-04-20 14:47:07,2026-04-21 10:06:25,19:19:18,0.00,0.00,0.00,'866082076645986,SOEB,2026-04-20 00:00:00,2026-04-21 00:00:00,"Level-1, Status-DIALING, Number-9833144457; Level-2, Status-DIALING, Number-8097618466"
174,ST-DELHI-HPSC-230,HPSC_LAXMAN VIHAR GGN_1,Delhi,Delhi,Delhi,Door-Open,2026-04-20 14:46:09,2026-04-20 15:03:44,00:17:35,654.86,0.00,0.00,'861919084304434,SOEB,2026-04-20 00:00:00,2026-04-21 00:00:00,"Level-1, Status-No.Block by Server, Number-8395061400; Level-2, Status-No.Block by Server, Number-8395061400"
175,ST-KOL-HPSC-013,Dhrubashram Quarter,West Bengal,Kolkata,Kolkata,AM MNSF,2026-04-20 14:43:18,2026-04-20 14:43:29,00:00:11,53.50,53.00,0.00,'861919084349686,SOBT,2026-04-20 14:43:18,2026-04-20 14:43:29,"Level-1, Status-No.Block by Server, Number-9800291987; Level-2, Status-No.Block by Server, Number-7003719849; Level-3, Status-No.Block by Server, Number-8515863762"
176,ST-UPE-HPSC-007,Mcrobetgunj,UP East,Kanpur,Kanpur,AM MNSF,2026-04-20 14:43:16,2026-04-20 14:55:20,00:12:04,52.20,49.20,0.00,'867950079195838,SOBT,2026-04-20 14:43:16,2026-04-20 14:55:20,"Level-1, Status-No.Block by Server, Number-9936837499; Level-2, Status-No.Block by Server, Number-9140864299; Level-3, Status-No.Block by Server, Number-8767249333"
177,ST_MUM_HPSC_0076,RUDRASHAK KATE HOUSE,Mumbai,Mumbai,MUMBAI,AM MNSF,2026-04-20 14:42:14,2026-04-20 14:42:26,00:00:12,53.40,52.90,0.00,'866082076609339,SOBT,2026-04-20 14:42:14,2026-04-20 14:42:26,"Level-1, Status-DIALING, Number-9833144457; Level-2, Status-DIALING, Number-8097618466; Level-3, Status-DIALING, Number-8108779091"
178,ST-MAH-OD-0064,Lonikalbhar Kunjirwadi,Maharashtra,Pune,Pune,AM MNSF,2026-04-20 14:42:09,2026-04-20 14:46:54,00:04:45,51.85,50.35,0.00,'869742088992570,SOBT,2026-04-20 14:42:09,2026-04-20 14:46:54,"Level-1, Status-DIALING, Number-9975894886; Level-2, Status-DIALING, Number-9975894886; Level-3, Status-DIALING, Number-8888806810"
179,ST-MAH-OD-0058,Bandshil,Maharashtra,RAIGAD,PUNE-3,BTLV,2026-04-20 14:41:56,2026-04-20 16:09:18,01:27:22,47.42,51.78,0.00,'865510082912504,SOEB,2026-04-20 13:50:35,2026-04-20 16:04:42,"Level-1, Status-DIALING, Number-9975894886; Level-2, Status-DIALING, Number-9975894886"
180,ST-MAH-OD-0028,Wadgoen Kolhati,Maharashtra,CH SAMBHAJI NAGAR,CH SAMBHAJI NAGAR,AM MNSF,2026-04-20 14:36:17,2026-04-20 14:54:53,00:18:36,51.57,50.50,0.00,'861919084282473,SOBT,2026-04-20 14:36:17,2026-04-20 14:54:53,"Level-1, Status-DIALING, Number-9975740528; Level-2, Status-DIALING, Number-9975894886; Level-3, Status-DIALING, Number-8888806810"
181,ST_MUM_HPSC_0110,Ganesh Jadhav,Mumbai,Mumbai,MUMBAI,AM MNSF,2026-04-20 14:32:11,2026-04-20 14:38:21,00:06:10,53.50,50.00,0.00,'866082076649756,SOBT,2026-04-20 14:32:11,2026-04-20 14:38:21,"Level-1, Status-DIALING, Number-9833144457; Level-2, Status-DIALING, Number-8097618466; Level-3, Status-DIALING, Number-8108779091"
182,ST-MAH-OD-0032,Narpoli Octrol Post,Maharashtra,Vasai,THANE,AM MNSF,2026-04-20 14:28:27,2026-04-20 14:37:11,00:08:44,49.35,50.42,0.00,'861919084334134,SOBT,2026-04-20 14:28:27,2026-04-20 14:37:11,"Level-1, Status-DIALING, Number-9833144457; Level-2, Status-DIALING, Number-9975894886; Level-3, Status-DIALING, Number-8888806810"
183,ST-DELHI-HPSC-268,HPSC_GBD_Rahul Vihar,Delhi,Ghaziabad,Ghaziabad,AM MNSF,2026-04-20 14:26:11,2026-04-20 14:28:12,00:02:01,52.20,51.50,0.00,'861919084308583,SOBT,2026-04-20 14:26:11,2026-04-20 14:28:12,"Level-1, Status-No.Block by Server, Number-8448102503; Level-2, Status-No.Block by Server, Number-8395061400; Level-3, Status-No.Block by Server, Number-6397156643"
184,ST-DELHI-HPSC-279,HPSC_Nandgram_Ghukna_1,Delhi,Ghaziabad,Ghaziabad,BTLV,2026-04-20 14:25:16,2026-04-20 16:05:22,01:40:06,47.90,0.00,0.00,'861919084309128,SOBT,2026-04-20 10:37:12,2026-04-20 15:24:30,"Level-1, Status-No.Block by Server, Number-8448102503; Level-2, Status-No.Block by Server, Number-8395061400"
185,ST-DELHI-HPSC-322,HPSC_GBD_Partap_Vihar_Khora,Delhi,Ghaziabad,Ghaziabad,AM MNSF,2026-04-20 14:23:31,2026-04-20 14:41:06,00:17:35,51.90,50.00,0.00,'861919084283281,SOBT,2026-04-20 14:23:31,2026-04-20 14:41:06,"Level-1, Status-No.Block by Server, Number-8448102503; Level-2, Status-No.Block by Server, Number-8395061400; Level-3, Status-No.Block by Server, Number-6397156643"
186,ST-DELHI-HPSC-279,HPSC_Nandgram_Ghukna_1,Delhi,Ghaziabad,Ghaziabad,BTLV,2026-04-20 14:17:14,2026-04-20 14:18:12,00:00:58,47.90,48.00,0.00,'861919084309128,SOBT,2026-04-20 10:37:12,2026-04-20 15:24:30,"Level-1, Status-No.Block by Server, Number-8448102503; Level-2, Status-No.Block by Server, Number-8395061400"
187,ST-UPE-HPSC-020,Nanda Nagar chauraha,UP East,Gorakhpur,Gorakhpur,AM MNSF,2026-04-20 14:17:11,2026-04-20 14:27:16,00:10:05,49.90,49.90,0.00,'861919084310084,SOBT,2026-04-20 14:17:11,2026-04-20 14:27:16,"Level-1, Status-No.Block by Server, Number-9936837499; Level-2, Status-No.Block by Server, Number-9140864299; Level-3, Status-No.Block by Server, Number-8767249333"
188,ST-DELHI-HPSC-215,HPSC_Nihal ViharPunjabi Bagh_2,Delhi,Delhi,Delhi,Door-Open,2026-04-20 14:16:08,2026-04-20 14:24:38,00:08:30,53.00,53.00,0.00,'861919084304855,SOEB,2026-04-20 00:00:00,2026-04-21 00:00:00,"Level-1, Status-DIALING, Number-9315997041; Level-2, Status-DIALING, Number-8395061400"
189,ST-DELHI-HPSC-268,HPSC_GBD_Rahul Vihar,Delhi,Ghaziabad,Ghaziabad,AM MNSF,2026-04-20 14:14:50,2026-04-20 14:18:52,00:04:02,53.50,50.70,0.00,'861919084308583,SOBT,2026-04-20 14:14:50,2026-04-20 14:18:52,"Level-1, Status-No.Block by Server, Number-8448102503; Level-2, Status-No.Block by Server, Number-8395061400; Level-3, Status-No.Block by Server, Number-6397156643"
190,ST-DELHI-HPSC-056,HPSC_ GGN SECTOR 10 GGN_1,Delhi,Delhi,Delhi,AM MNSF,2026-04-20 14:13:09,2026-04-20 14:23:20,00:10:11,50.40,50.40,0.00,'867950079195366,SOBT,2026-04-20 14:13:09,2026-04-20 14:23:20,"Level-1, Status-No.Block by Server, Number-8395061400; Level-2, Status-No.Block by Server, Number-8395061400; Level-3, Status-No.Block by Server, Number-6397156643"
191,ST-KOL-HPSC-018,Raghunathpur,West Bengal,Kolkata,Kolkata,AM MNSF,2026-04-20 14:08:52,2026-04-20 14:33:23,00:24:31,52.20,50.00,0.00,'861919084349736,SOBT,2026-04-20 14:08:52,2026-04-20 14:33:23,"Level-1, Status-No.Block by Server, Number-9800291987; Level-2, Status-No.Block by Server, Number-7003719849; Level-3, Status-No.Block by Server, Number-8515863762"
192,ST-UPE-HPSC-004,Chakeri Airport,UP East,Kanpur,Kanpur,AM MNSF,2026-04-20 14:07:14,2026-04-20 14:17:17,00:10:03,50.50,51.70,0.00,'866082076608968,SOBT,2026-04-20 14:07:14,2026-04-20 14:17:17,"Level-1, Status-No.Block by Server, Number-9936837499; Level-2, Status-No.Block by Server, Number-9140864299; Level-3, Status-No.Block by Server, Number-8767249333"
193,ST-DELHI-HPSC-172,HPSC_Dadri_2,Delhi,Noida,Noida,AM MNSF,2026-04-20 14:06:06,2026-04-20 14:09:50,00:03:44,53.35,51.78,0.00,'861919081971185,SOBT,2026-04-20 14:06:06,2026-04-20 14:09:50,"Level-1, Status-No.Block by Server, Number-9717185678; Level-2, Status-No.Block by Server, Number-8395061400; Level-3, Status-No.Block by Server, Number-6397156643"
194,STPL-KA-BGLR-OD-032,N1 MTP Balsa,Karnataka,Bangalore,Bangalore,Cover Open,2026-04-20 14:03:46,2026-04-20 14:08:32,00:04:46,653.86,0.00,0.00,'866082076631077,SOEB,2026-04-20 00:00:00,2026-04-21 00:00:00,"Level-1, Status-DIALING, Number-9483795832; Level-2, Status-DIALING, Number-9483795832"
195,ST-DELHI-HPSC-273,HPSC_GZB_Agraula_Sector A 1,Delhi,Ghaziabad,Ghaziabad,AM MNSF,2026-04-20 14:02:16,2026-04-20 14:43:43,00:41:27,51.20,49.90,0.00,'866082076630889,SOBT,2026-04-20 14:02:16,2026-04-20 14:43:43,"Level-1, Status-No.Block by Server, Number-8448102503; Level-2, Status-No.Block by Server, Number-8395061400; Level-3, Status-No.Block by Server, Number-6397156643"
196,ST-KAR-MACRO-027,Chikkanna Bldg,Karnataka,Bangalore,Bangalore,AM MNSF,2026-04-20 14:01:40,2026-04-20 14:11:57,00:10:17,50.15,49.87,0.00,'866082076646174,SOBT,2026-04-20 14:01:40,2026-04-20 14:11:57,"Level-1, Status-DIALING, Number-9483795832; Level-2, Status-DIALING, Number-9483795832; Level-3, Status-DIALING, Number-9845460610"
197,ST-HPSC-NCR-074,HPSC_Crossing Republic Golf Course GBD_1,Delhi,Noida,Noida,AM MNSF,2026-04-20 13:58:54,2026-04-20 13:59:55,00:01:01,49.40,49.20,0.00,'861919084284875,SOBT,2026-04-20 13:58:54,2026-04-20 13:59:55,"Level-1, Status-No.Block by Server, Number-8448102503; Level-2, Status-No.Block by Server, Number-8395061400; Level-3, Status-No.Block by Server, Number-6397156643"
198,ST-DELHI-HPSC-081,HPSC_Ganesh Nagar,Delhi,Noida,Noida,AM MNSF,2026-04-20 13:57:50,2026-04-20 13:58:06,00:00:16,54.50,54.00,0.00,'866082076650077,SOBT,2026-04-20 13:57:50,2026-04-20 13:58:06,"Level-1, Status-No.Block by Server, Number-8448102503; Level-2, Status-No.Block by Server, Number-8395061400; Level-3, Status-No.Block by Server, Number-6397156643"
199,ST-DELHI-HPSC-172,HPSC_Dadri_2,Delhi,Noida,Noida,AM MNSF,2026-04-20 13:57:40,2026-04-20 14:01:57,00:04:17,53.92,51.85,0.00,'861919081971185,SOBT,2026-04-20 13:57:40,2026-04-20 14:01:57,"Level-1, Status-No.Block by Server, Number-9717185678; Level-2, Status-No.Block by Server, Number-8395061400; Level-3, Status-No.Block by Server, Number-6397156643"
200,ST-DELHI-HPSC-275,HPSC_Behta_Hajipur_GBD_2,Delhi,Ghaziabad,Ghaziabad,AM MNSF,2026-04-20 13:57:07,2026-04-20 14:04:40,00:07:33,51.00,48.90,0.00,'861919084310977,SOBT,2026-04-20 13:57:07,2026-04-20 14:04:40,"Level-1, Status-No.Block by Server, Number-8448102503; Level-2, Status-No.Block by Server, Number-8395061400; Level-3, Status-No.Block by Server, Number-6397156643"
201,ST-UPE-HPSC-020,Nanda Nagar chauraha,UP East,Gorakhpur,Gorakhpur,AM MNSF,2026-04-20 13:56:05,2026-04-20 14:06:34,00:10:29,53.00,52.40,0.00,'861919084310084,SOBT,2026-04-20 13:56:05,2026-04-20 14:06:34,"Level-1, Status-No.Block by Server, Number-9936837499; Level-2, Status-No.Block by Server, Number-9140864299; Level-3, Status-No.Block by Server, Number-8767249333"
202,ST-DELHI-HPSC-187,HPSC Chhijarsi & Bahlolpur Colony,Delhi,Noida,Noida,AM MNSF,2026-04-20 13:54:38,2026-04-20 14:02:12,00:07:34,51.90,50.40,0.00,'867950079196851,SOBT,2026-04-20 13:54:38,2026-04-20 14:02:12,"Level-1, Status-No.Block by Server, Number-8448102503; Level-2, Status-No.Block by Server, Number-8395061400; Level-3, Status-No.Block by Server, Number-6397156643"
203,ST-DELHI-HPSC-271,HPSC_Yaseen Masjid Wali Gali_Loni,Delhi,Ghaziabad,Ghaziabad,AM MNSF,2026-04-20 13:54:36,2026-04-20 14:45:17,00:50:41,53.50,50.30,0.00,'861919084271385,SOBT,2026-04-20 13:54:36,2026-04-20 14:45:17,"Level-1, Status-No.Block by Server, Number-8448102503; Level-2, Status-No.Block by Server, Number-8395061400; Level-3, Status-No.Block by Server, Number-6397156643"
204,ST_MUM_HPSC_051,Sadan Height,Mumbai,Mumbai,MUMBAI,TPMS Battery Low,2026-04-20 13:53:08,2026-04-20 15:07:09,01:14:01,0.00,0.00,0.00,'866082076645986,SOEB,2026-04-20 00:00:00,2026-04-21 00:00:00,"Level-1, Status-DIALING, Number-9833144457; Level-2, Status-DIALING, Number-8097618466"
205,ST_MUM_HPSC_051,Sadan Height,Mumbai,Mumbai,MUMBAI,TPMS Supply Failed,2026-04-20 13:53:08,2026-04-20 15:07:09,01:14:01,0.00,0.00,0.00,'866082076645986,SOEB,2026-04-20 00:00:00,2026-04-21 00:00:00,"Level-1, Status-DIALING, Number-9833144457; Level-2, Status-DIALING, Number-8097618466"
206,ST-MAH-OD-0058,Bandshil,Maharashtra,RAIGAD,PUNE-3,AM MNSF,2026-04-20 13:46:17,2026-04-20 13:50:35,00:04:18,49.85,47.78,0.00,'865510082912504,SOBT,2026-04-20 13:46:17,2026-04-20 13:50:35,"Level-1, Status-DIALING, Number-9975894886; Level-2, Status-DIALING, Number-9975894886; Level-3, Status-DIALING, Number-8888806810"
207,ST-MAH-OD-0017,Valpada Dapode Bhiwandi,Maharashtra,Vasai,THANE,AM MNSF,2026-04-20 13:46:04,2026-04-20 13:50:50,00:04:46,49.42,48.42,0.00,'861919084337954,SOBT,2026-04-20 13:46:04,2026-04-20 13:50:50,"Level-1, Status-DIALING, Number-9833144457; Level-2, Status-DIALING, Number-9975894886; Level-3, Status-DIALING, Number-8888806810"
208,ST-DELHI-HPSC-265,HPSC_NOD_Sultanpur,Delhi,North Delhi,North Delhi,AM MNSF,2026-04-20 13:45:14,2026-04-20 14:24:53,00:39:39,53.50,49.60,0.00,'866082076647685,SOBT,2026-04-20 13:45:14,2026-04-20 14:24:53,"Level-1, Status-No.Block by Server, Number-9717185678; Level-2, Status-No.Block by Server, Number-8395061400; Level-3, Status-No.Block by Server, Number-6397156643"
209,ST-DELHI-HPSC-013,HPSC_Shyam Park_Rajendra Nagar,Delhi,Ghaziabad,Ghaziabad,AM MNSF,2026-04-20 13:38:17,2026-04-20 13:52:36,00:14:19,51.70,49.70,0.00,'861919084302172,SOBT,2026-04-20 13:38:17,2026-04-20 13:52:36,"Level-1, Status-No.Block by Server, Number-8448102503; Level-2, Status-No.Block by Server, Number-8395061400; Level-3, Status-No.Block by Server, Number-6397156643"
210,ST-UPE-HPSC-046,Durga Mandir Rd Madehgunj,UP East,Lucknow,Lucknow,AM MNSF,2026-04-20 13:27:09,2026-04-20 13:30:29,00:03:20,0.00,55.40,0.00,'866082076645994,SOBT,2026-04-20 13:27:09,2026-04-20 13:30:29,"Level-1, Status-No.Block by Server, Number-9936837499; Level-2, Status-No.Block by Server, Number-9140864299; Level-3, Status-No.Block by Server, Number-8767249333"
211,ST-DELHI-HPSC-079,HPSC_ Noida Sec 130Dadri_1,Delhi,Noida,Noida,AM MNSF,2026-04-20 13:26:38,2026-04-20 13:27:43,00:01:05,51.92,50.92,0.00,'861919082023523,SOBT,2026-04-20 13:26:38,2026-04-20 13:27:43,"Level-1, Status-No.Block by Server, Number-9717185678; Level-2, Status-No.Block by Server, Number-8395061400; Level-3, Status-No.Block by Server, Number-6397156643"
212,ST-KOL-HPSC-005,PANCHPOTA SRIKHANDA,West Bengal,Kolkata,Kolkata,AM MNSF,2026-04-20 13:22:47,2026-04-20 13:23:12,00:00:25,54.50,54.00,0.00,'867950079196000,SOBT,2026-04-20 13:22:47,2026-04-20 13:23:12,"Level-1, Status-No.Block by Server, Number-9800291987; Level-2, Status-No.Block by Server, Number-7003719849; Level-3, Status-No.Block by Server, Number-8515863762"
213,ST-UPE-HPSC-051,Gujaini,UP East,Kanpur,Kanpur,Door-Open,2026-04-20 13:22:06,2026-04-20 13:22:20,00:00:14,49.40,49.40,0.00,'867950079198600,SOBT,2026-04-20 11:11:32,2026-04-20 16:01:26,"Level-1, Status-No.Block by Server, Number-9936837499; Level-2, Status-No.Block by Server, Number-9140864299"
214,ST-MAH-OD-0065,Nirvaana Residency,Maharashtra,RAIGAD,PUNE-3,AM MNSF,2026-04-20 13:21:12,2026-04-20 13:23:53,00:02:41,50.42,49.00,0.00,'865510082839855,SOBT,2026-04-20 13:21:12,2026-04-20 13:23:53,"Level-1, Status-DIALING, Number-9975894886; Level-2, Status-DIALING, Number-9975894886; Level-3, Status-DIALING, Number-8888806810"
215,ST-KAR-MACRO-027,Chikkanna Bldg,Karnataka,Bangalore,Bangalore,AM MNSF,2026-04-20 13:20:59,2026-04-20 13:31:42,00:10:43,49.76,50.29,0.00,'866082076646174,SOBT,2026-04-20 13:20:59,2026-04-20 13:31:42,"Level-1, Status-DIALING, Number-9483795832; Level-2, Status-DIALING, Number-9483795832; Level-3, Status-DIALING, Number-9845460610"
216,ST-MUM-HPSC-0043,Zulfekhar Ahmad Siddique,Mumbai,Mumbai,MUMBAI,TPMS Supply Failed,2026-04-20 13:19:32,2026-04-20 17:10:16,03:50:44,42.92,50.64,0.00,'861919084338937,SOBT,2026-04-20 12:21:40,2026-04-20 17:10:16,"Level-1, Status-BUSY, Number-8433656064; Level-2, Status-No.Block by Server, Number-8097618466"
217,ST-HPSC-NCR-074,HPSC_Crossing Republic Golf Course GBD_1,Delhi,Noida,Noida,AM MNSF,2026-04-20 13:16:20,2026-04-20 13:22:27,00:06:07,49.10,49.60,0.00,'861919084284875,SOBT,2026-04-20 13:16:20,2026-04-20 13:22:27,"Level-1, Status-No.Block by Server, Number-8448102503; Level-2, Status-No.Block by Server, Number-8395061400; Level-3, Status-No.Block by Server, Number-6397156643"
218,ST-DELHI-HPSC-243,HPSC_ Noida SECTOR 8Dadri_1,Delhi,Noida,Noida,Fire and smoke 1,2026-04-20 13:14:11,Alarm is Active,-,574.86,-,0.00,'866082076611046,SODN,2026-04-20 12:14:10,2026-04-21 00:00:00,"Level-1, Status-No.Block by Server, Number-9717185678; Level-2, Status-No.Block by Server, Number-8395061400"
219,ST-DELHI-HPSC-243,HPSC_ Noida SECTOR 8Dadri_1,Delhi,Noida,Noida,Door-Open,2026-04-20 13:13:38,Alarm is Active,-,574.86,-,0.00,'866082076611046,SODN,2026-04-20 12:14:10,2026-04-21 00:00:00,"Level-1, Status-No.Block by Server, Number-9717185678; Level-2, Status-No.Block by Server, Number-8395061400"
220,STPL-MUM-IBOD-M004,Magnet mall outdoor,Mumbai,Mumbai,MUMBAI,BTLV,2026-04-20 13:13:29,2026-04-20 13:16:23,00:02:54,0.78,0.78,0.00,'861919084335164,SOBT,2026-04-20 13:13:29,2026-04-20 13:16:23,"Level-1, Status-DIALING, Number-8433656064; Level-2, Status-DIALING, Number-8097618466; Level-3, Status-DIALING, Number-8108779091"
221,STPL-MUM-IBOD-M004,Magnet mall outdoor,Mumbai,Mumbai,MUMBAI,TPMS Supply Failed,2026-04-20 13:13:29,2026-04-20 13:14:27,00:00:58,0.78,0.78,0.00,'861919084335164,SOBT,2026-04-20 13:13:29,2026-04-20 13:16:23,"Level-1, Status-DIALING, Number-8433656064; Level-2, Status-DIALING, Number-8097618466; Level-3, Status-DIALING, Number-8108779091"
222,STPL-MUM-IBOD-M004,Magnet mall outdoor,Mumbai,Mumbai,MUMBAI,AM MNSF,2026-04-20 13:13:29,2026-04-20 13:16:23,00:02:54,0.78,0.78,0.00,'861919084335164,SOBT,2026-04-20 13:13:29,2026-04-20 13:16:23,"Level-1, Status-DIALING, Number-8433656064; Level-2, Status-DIALING, Number-8097618466; Level-3, Status-DIALING, Number-8108779091"
223,ST-DELHI-HPSC-174,HPSC_Surajpur_2,Delhi,Delhi,Delhi,AM MNSF,2026-04-20 13:12:09,2026-04-20 13:31:01,00:18:52,49.10,48.90,0.00,'861919084281764,SOBT,2026-04-20 13:12:09,2026-04-20 13:31:01,"Level-1, Status-No.Block by Server, Number-9717185678; Level-2, Status-No.Block by Server, Number-8395061400; Level-3, Status-No.Block by Server, Number-6397156643"
224,ST-DELHI-HPSC-078,HPSC_Sec134  Noida_1,Delhi,Faridabad,Faridabad,AM MNSF,2026-04-20 13:11:31,2026-04-20 13:32:07,00:20:36,52.20,50.40,0.00,'861919084310456,SOBT,2026-04-20 13:11:31,2026-04-20 13:32:07,"Level-1, Status-No.Block by Server, Number-9717185678; Level-2, Status-No.Block by Server, Number-8395061400; Level-3, Status-No.Block by Server, Number-6397156643"
225,ST-MAH-OD-0027,Shriram Recidency,Maharashtra,CH SAMBHAJI NAGAR,CH SAMBHAJI NAGAR,AM MNSF,2026-04-20 13:07:38,2026-04-20 13:08:46,00:01:08,51.70,49.64,0.00,'861409071501903,SOBT,2026-04-20 13:07:38,2026-04-20 13:08:46,"Level-1, Status-DIALING, Number-9823982397; Level-2, Status-DIALING, Number-9975894886; Level-3, Status-DIALING, Number-8888806810"
226,ST_MUM_HPSC_0096,Dr.Revandkar ,Mumbai,Mumbai,MUMBAI,AM MNSF,2026-04-20 13:07:31,2026-04-20 13:17:11,00:09:40,50.21,52.50,0.00,'861919084335859,SOBT,2026-04-20 13:07:31,2026-04-20 13:17:11,"Level-1, Status-DIALING, Number-8433656064; Level-2, Status-DIALING, Number-8097618466; Level-3, Status-DIALING, Number-8108779091"
227,ST-UPE-HPSC-044,Near Batauveer Baba Temple,UP East,Prayagraj,Prayagraj,TPMS Battery Low,2026-04-20 13:02:53,2026-04-20 16:48:30,03:45:37,0.92,48.57,0.00,'861919082128629,SOBT,2026-04-20 00:00:00,2026-04-20 16:48:30,"Level-1, Status-No.Block by Server, Number-9936837499; Level-2, Status-No.Block by Server, Number-9140864299"
228,ST-DELHI-HPSC-215,HPSC_Nihal ViharPunjabi Bagh_2,Delhi,Delhi,Delhi,Door-Open,2026-04-20 13:01:07,2026-04-20 13:24:08,00:23:01,53.10,53.00,0.00,'861919084304855,SOEB,2026-04-20 00:00:00,2026-04-21 00:00:00,"Level-1, Status-DIALING, Number-9315997041; Level-2, Status-DIALING, Number-8395061400"
229,ST-DELHI-HPSC-079,HPSC_ Noida Sec 130Dadri_1,Delhi,Noida,Noida,AM MNSF,2026-04-20 12:57:12,2026-04-20 12:58:11,00:00:59,51.64,50.78,0.00,'861919082023523,SOBT,2026-04-20 12:57:12,2026-04-20 12:58:11,"Level-1, Status-No.Block by Server, Number-9717185678; Level-2, Status-No.Block by Server, Number-8395061400; Level-3, Status-No.Block by Server, Number-6397156643"
230,ST-KAR-HPSC-002,Pandari Building,Karnataka,Bangalore,Bangalore,AM MNSF,2026-04-20 12:55:34,2026-04-20 13:56:09,01:00:35,53.70,53.00,0.00,'866082076631309,SOBT,2026-04-20 12:55:34,2026-04-20 13:56:09,"Level-1, Status-DIALING, Number-9483795832; Level-2, Status-DIALING, Number-9483795832; Level-3, Status-DIALING, Number-9845460610"
231,ST-DELHI-HPSC-067,HPSC_Plam vihar Extension GGN_2,Delhi,Delhi,Delhi,BTLV,2026-04-20 12:54:13,2026-04-20 13:55:37,01:01:24,47.80,48.00,0.00,'861919084304525,SOBT,2026-04-20 12:33:30,2026-04-20 13:55:37,"Level-1, Status-No.Block by Server, Number-8395061400; Level-2, Status-No.Block by Server, Number-8395061400"
232,ST_MUM_HPSC_0047,Raju Gupta House,Mumbai,Mumbai,MUMBAI,AM MNSF,2026-04-20 12:47:26,2026-04-20 21:22:37,08:35:11,51.21,43.28,0.00,'861919084335982,SOBT,2026-04-20 12:47:26,2026-04-20 21:22:37,"Level-1, Status-DIALING, Number-7302556851; Level-2, Status-DIALING, Number-8097618466; Level-3, Status-DIALING, Number-8108779091"
233,ST-DELHI-HPSC-187,HPSC Chhijarsi & Bahlolpur Colony,Delhi,Noida,Noida,AM MNSF,2026-04-20 12:39:57,2026-04-20 13:03:00,00:23:03,53.50,49.70,0.00,'867950079196851,SOBT,2026-04-20 12:39:57,2026-04-20 13:03:00,"Level-1, Status-No.Block by Server, Number-8448102503; Level-2, Status-No.Block by Server, Number-8395061400; Level-3, Status-No.Block by Server, Number-6397156643"
234,ST-DELHI-HPSC-067,HPSC_Plam vihar Extension GGN_2,Delhi,Delhi,Delhi,AM MNSF,2026-04-20 12:33:30,2026-04-20 13:55:37,01:22:07,48.20,48.00,0.00,'861919084304525,SOBT,2026-04-20 12:33:30,2026-04-20 13:55:37,"Level-1, Status-No.Block by Server, Number-8395061400; Level-2, Status-No.Block by Server, Number-8395061400; Level-3, Status-No.Block by Server, Number-6397156643"
235,ST-HPSC-NCR-074,HPSC_Crossing Republic Golf Course GBD_1,Delhi,Noida,Noida,AM MNSF,2026-04-20 12:27:41,2026-04-20 12:54:09,00:26:28,49.20,49.70,0.00,'861919084284875,SOBT,2026-04-20 12:27:41,2026-04-20 12:54:09,"Level-1, Status-No.Block by Server, Number-8448102503; Level-2, Status-No.Block by Server, Number-8395061400; Level-3, Status-No.Block by Server, Number-6397156643"
236,ST-UPE-HPSC-001,Murey Camp,UP East,Kanpur,Kanpur,AM MNSF,2026-04-20 12:26:32,2026-04-20 12:34:53,00:08:21,52.10,49.40,0.00,'861919084285062,SOBT,2026-04-20 12:26:32,2026-04-20 12:34:53,"Level-1, Status-No.Block by Server, Number-9936837499; Level-2, Status-No.Block by Server, Number-9140864299; Level-3, Status-No.Block by Server, Number-8767249333"
237,ST-MUM-HPSC-0043,Zulfekhar Ahmad Siddique,Mumbai,Mumbai,MUMBAI,BTLV,2026-04-20 12:22:14,2026-04-20 17:10:16,04:48:02,46.70,50.64,0.00,'861919084338937,SOBT,2026-04-20 12:21:40,2026-04-20 17:10:16,"Level-1, Status-DIALING, Number-8433656064; Level-2, Status-DIALING, Number-8097618466"
238,ST-MUM-HPSC-0043,Zulfekhar Ahmad Siddique,Mumbai,Mumbai,MUMBAI,AM MNSF,2026-04-20 12:21:40,2026-04-20 17:10:16,04:48:36,48.71,50.64,0.00,'861919084338937,SOBT,2026-04-20 12:21:40,2026-04-20 17:10:16,"Level-1, Status-DIALING, Number-8433656064; Level-2, Status-DIALING, Number-8097618466; Level-3, Status-DIALING, Number-8108779091"
239,ST-DELHI-HPSC-243,HPSC_ Noida SECTOR 8Dadri_1,Delhi,Noida,Noida,L LVD Cut,2026-04-20 12:14:10,Alarm is Active,-,606.86,-,0.00,'866082076611046,SODN,2026-04-20 12:14:10,2026-04-21 00:00:00,"Level-1, Status-No.Block by Server, Number-9717185678; Level-2, Status-No.Block by Server, Number-8395061400"
240,ST-MAH-OD-0032,Narpoli Octrol Post,Maharashtra,Vasai,THANE,BTLV,2026-04-20 12:09:08,2026-04-20 12:10:03,00:00:55,47.28,48.57,0.00,'861919084334134,SOBT,2026-04-20 08:29:26,2026-04-20 14:07:01,"Level-1, Status-DIALING, Number-9833144457; Level-2, Status-DIALING, Number-9975894886"
241,ST-GUJ-MACRO-065,Giramtha,Gujrat,Ahmedabad,Ahmedabad,AM MNSF,2026-04-20 12:06:46,2026-04-20 12:19:49,00:13:03,52.14,50.85,0.00,'865510082842768,SOBT,2026-04-20 12:06:46,2026-04-20 12:19:49,"Level-1, Status-DIALING, Number-7226080870; Level-2, Status-DIALING, Number-8980445100; Level-3, Status-DIALING, Number-7226080870"
242,ST-MAH-OD-0061,Rajguru Colony Talegaon Dabhade,Maharashtra,Pune,Pune,AM MNSF,2026-04-20 12:06:30,2026-04-20 12:13:57,00:07:27,49.50,52.64,0.00,'869742089164401,SOBT,2026-04-20 12:06:30,2026-04-20 12:13:57,"Level-1, Status-DIALING, Number-9975894886; Level-2, Status-DIALING, Number-9975894886; Level-3, Status-DIALING, Number-8888806810"
243,STPL-MUM-OD-M210,Azeem Heights,Mumbai,Mumbai,MUMBAI,AM MNSF,2026-04-20 12:06:24,2026-04-20 12:17:22,00:10:58,52.57,53.00,0.00,'861919084333672,SOBT,2026-04-20 12:06:24,2026-04-20 12:17:22,"Level-1, Status-DIALING, Number-7208501421; Level-2, Status-DIALING, Number-8097618466; Level-3, Status-DIALING, Number-8108779091"
244,STPL-KA-BGLR-OD-033,MTP-Silver Oak (E2),Karnataka,Bangalore,Bangalore,Mains Failed,2026-04-20 12:05:18,2026-04-21 00:00:26,11:55:08,0.00,0.00,0.00,'866082076609081,SOEB,2026-04-20 00:00:00,2026-04-21 00:00:00,"Level-1, Status-DIALING, Number-9483795832; Level-2, Status-DIALING, Number-9483795832"
245,STPL-KA-BGLR-OD-033,MTP-Silver Oak (E2),Karnataka,Bangalore,Bangalore,DC Battery low,2026-04-20 12:03:38,2026-04-20 12:05:18,00:01:40,0.00,0.00,0.00,'866082076609081,SOEB,2026-04-20 00:00:00,2026-04-21 00:00:00,"Level-1, Status-DIALING, Number-9483795832; Level-2, Status-DIALING, Number-9483795832"
246,ST-HPSC-NCR-074,HPSC_Crossing Republic Golf Course GBD_1,Delhi,Noida,Noida,AM MNSF,2026-04-20 12:03:30,2026-04-20 12:21:37,00:18:07,49.40,49.10,0.00,'861919084284875,SOBT,2026-04-20 12:03:30,2026-04-20 12:21:37,"Level-1, Status-No.Block by Server, Number-8448102503; Level-2, Status-No.Block by Server, Number-8395061400; Level-3, Status-No.Block by Server, Number-6397156643"
247,ST-DELHI-HPSC-268,HPSC_GBD_Rahul Vihar,Delhi,Ghaziabad,Ghaziabad,AM MNSF,2026-04-20 11:58:12,2026-04-20 12:07:12,00:09:00,52.30,50.00,0.00,'861919084308583,SOBT,2026-04-20 11:58:12,2026-04-20 12:07:12,"Level-1, Status-No.Block by Server, Number-8448102503; Level-2, Status-No.Block by Server, Number-8395061400; Level-3, Status-No.Block by Server, Number-6397156643"
248,ST-MUM-OD-0130,ANIRUDDHA DARSHAN,Mumbai,Mumbai,MUMBAI,BTLV,2026-04-20 11:51:41,2026-04-20 12:22:52,00:31:11,44.50,52.00,0.00,'861919084334605,SOBT,2026-04-20 11:51:13,2026-04-20 12:21:45,"Level-1, Status-DIALING, Number-7208501421; Level-2, Status-DIALING, Number-8097618466"
249,ST-MUM-OD-0130,ANIRUDDHA DARSHAN,Mumbai,Mumbai,MUMBAI,AM MNSF,2026-04-20 11:51:13,2026-04-20 12:21:45,00:30:32,47.78,42.35,0.00,'861919084334605,SOBT,2026-04-20 11:51:13,2026-04-20 12:21:45,"Level-1, Status-DIALING, Number-7208501421; Level-2, Status-DIALING, Number-8097618466; Level-3, Status-DIALING, Number-8108779091"
250,STPL-MUM-OD-M233,Uttam Niwas,Mumbai,Mumbai,MUMBAI,AM MNSF,2026-04-20 11:49:14,2026-04-20 12:39:22,00:50:08,50.35,52.28,0.00,'861919084333946,SOBT,2026-04-20 11:49:14,2026-04-20 12:39:22,"Level-1, Status-BUSY, Number-7208501421; Level-2, Status-No.Block by Server, Number-8097618466; Level-3, Status-BUSY, Number-8108779091"
251,ST-UPE-HPSC-020,Nanda Nagar chauraha,UP East,Gorakhpur,Gorakhpur,AM MNSF,2026-04-20 11:41:07,2026-04-20 11:51:31,00:10:24,50.00,50.20,0.00,'861919084310084,SOBT,2026-04-20 11:41:07,2026-04-20 11:51:31,"Level-1, Status-No.Block by Server, Number-9936837499; Level-2, Status-No.Block by Server, Number-9140864299; Level-3, Status-No.Block by Server, Number-8767249333"
252,ST_MUM_HPSC_0096,Dr.Revandkar ,Mumbai,Mumbai,MUMBAI,AM MNSF,2026-04-20 11:38:20,2026-04-20 11:39:47,00:01:27,48.85,48.28,0.00,'861919084335859,SOBT,2026-04-20 11:38:20,2026-04-20 11:39:47,"Level-1, Status-DIALING, Number-8433656064; Level-2, Status-DIALING, Number-8097618466; Level-3, Status-DIALING, Number-8108779091"
253,ST-DELHI-HPSC-191,HPSC Parsvnath Exotica Sector531,Delhi,Gurgaon,Gurgaon,AM MNSF,2026-04-20 11:37:55,2026-04-20 11:38:57,00:01:02,53.00,53.00,0.00,'867950079195432,SOBT,2026-04-20 11:37:55,2026-04-20 11:38:57,"Level-1, Status-No.Block by Server, Number-8395061400; Level-2, Status-No.Block by Server, Number-8395061400; Level-3, Status-No.Block by Server, Number-6397156643"
254,ST-KOL-HPSC-005,PANCHPOTA SRIKHANDA,West Bengal,Kolkata,Kolkata,AM MNSF,2026-04-20 11:37:17,2026-04-20 11:37:28,00:00:11,54.50,54.00,0.00,'867950079196000,SOBT,2026-04-20 11:37:17,2026-04-20 11:37:28,"Level-1, Status-No.Block by Server, Number-9800291987; Level-2, Status-No.Block by Server, Number-7003719849; Level-3, Status-No.Block by Server, Number-8515863762"
255,ST_MUM_HPSC_0083,MANOJ MOTIROA NIWAS,Mumbai,Mumbai,MUMBAI,AM MNSF,2026-04-20 11:37:14,2026-04-20 11:41:27,00:04:13,50.40,49.90,0.00,'866082076647990,SOBT,2026-04-20 11:37:14,2026-04-20 11:41:27,"Level-1, Status-DIALING, Number-8433656064; Level-2, Status-DIALING, Number-8097618466; Level-3, Status-DIALING, Number-8108779091"
256,ST-UPE-HPSC-046,Durga Mandir Rd Madehgunj,UP East,Lucknow,Lucknow,AM MNSF,2026-04-20 11:36:18,2026-04-20 11:46:40,00:10:22,51.90,49.60,0.00,'866082076645994,SOBT,2026-04-20 11:36:18,2026-04-20 11:46:40,"Level-1, Status-No.Block by Server, Number-9936837499; Level-2, Status-No.Block by Server, Number-9140864299; Level-3, Status-No.Block by Server, Number-8767249333"
257,ST-DELHI-MACRO-010,NOD_Sector 141_2,Delhi,Noida,Noida,Mains Failed,2026-04-20 11:35:12,2026-04-20 11:37:25,00:02:13,54.51,54.51,0.00,'866082076631002,SOEB,2026-04-20 00:00:00,2026-04-21 00:00:00,"Level-1, Status-No.Block by Server, Number-9717185678; Level-2, Status-No.Block by Server, Number-8395061400"
258,ST-UPE-HPSC-006,Hanuman Chowk,UP East,Kanpur,Kanpur,BTLV,2026-04-20 11:29:44,2026-04-20 11:40:22,00:10:38,48.90,50.20,0.00,'867950079197016,SOBT,2026-04-20 11:29:44,2026-04-20 11:39:45,"Level-1, Status-No.Block by Server, Number-9936837499; Level-2, Status-No.Block by Server, Number-9140864299; Level-3, Status-No.Block by Server, Number-8767249333"
259,ST-UPE-HPSC-006,Hanuman Chowk,UP East,Kanpur,Kanpur,AM MNSF,2026-04-20 11:29:44,2026-04-20 11:40:22,00:10:38,48.90,50.20,0.00,'867950079197016,SOBT,2026-04-20 11:29:44,2026-04-20 11:39:45,"Level-1, Status-No.Block by Server, Number-9936837499; Level-2, Status-No.Block by Server, Number-9140864299; Level-3, Status-No.Block by Server, Number-8767249333"
260,ST-KOL-HPSC-003,Hazinagar,West Bengal,Kolkata,Kolkata,AM MNSF,2026-04-20 11:28:06,2026-04-20 11:31:07,00:03:01,51.50,50.40,0.00,'861919084310332,SOBT,2026-04-20 11:28:06,2026-04-20 11:31:07,"Level-1, Status-No.Block by Server, Number-9800291987; Level-2, Status-No.Block by Server, Number-7003719849; Level-3, Status-No.Block by Server, Number-8515863762"
261,ST-MAH-OD-0013,Salawad Palghar,Maharashtra,Vasai,THANE,AM MNSF,2026-04-20 11:27:38,2026-04-20 12:16:09,00:48:31,59.71,60.35,0.00,'861919081952268,SOBT,2026-04-20 11:27:38,2026-04-20 12:16:09,"Level-1, Status-DIALING, Number-9833144457; Level-2, Status-DIALING, Number-9975894886; Level-3, Status-DIALING, Number-8888806810"
262,ST-DELHI-HPSC-268,HPSC_GBD_Rahul Vihar,Delhi,Ghaziabad,Ghaziabad,AM MNSF,2026-04-20 11:26:36,2026-04-20 11:36:43,00:10:07,53.50,49.90,0.00,'861919084308583,SOBT,2026-04-20 11:26:36,2026-04-20 11:36:43,"Level-1, Status-No.Block by Server, Number-8448102503; Level-2, Status-No.Block by Server, Number-8395061400; Level-3, Status-No.Block by Server, Number-6397156643"
263,ST-KOL-HPSC-018,Raghunathpur,West Bengal,Kolkata,Kolkata,AM MNSF,2026-04-20 11:21:41,2026-04-20 11:41:34,00:19:53,49.70,49.80,0.00,'861919084349736,SOBT,2026-04-20 11:21:41,2026-04-20 11:41:34,"Level-1, Status-No.Block by Server, Number-9800291987; Level-2, Status-No.Block by Server, Number-7003719849; Level-3, Status-No.Block by Server, Number-8515863762"
264,ST-DELHI-HPSC-203,HPSC_RajokriVasant Vihar_1,Delhi,Delhi,Gurgoan,Fiber cut,2026-04-20 11:21:10,2026-04-20 13:18:19,01:57:09,53.00,52.90,0.00,'861919084349777,SOEB,2026-04-20 00:00:00,2026-04-21 00:00:00,"Level-1, Status-No.Block by Server, Number-8395061400; Level-2, Status-No.Block by Server, Number-8395061400"
265,ST-KAR-HPSC-002,Pandari Building,Karnataka,Bangalore,Bangalore,AM MNSF,2026-04-20 11:18:21,2026-04-20 11:21:30,00:03:09,0.00,52.60,0.00,'866082076631309,SOBT,2026-04-20 11:18:21,2026-04-20 11:21:30,"Level-1, Status-BUSY, Number-9483795832; Level-2, Status-BUSY, Number-9483795832; Level-3, Status-BUSY, Number-9845460610"
266,ST-DELHI-HPSC-032,HPSC_Sector 7_2,Delhi,Noida,Noida,AM MNSF,2026-04-20 11:17:07,2026-04-20 11:20:23,00:03:16,52.64,51.42,0.00,'861919081996885,SOBT,2026-04-20 11:17:07,2026-04-20 11:20:23,"Level-1, Status-No.Block by Server, Number-8448102503; Level-2, Status-No.Block by Server, Number-8395061400; Level-3, Status-No.Block by Server, Number-6397156643"
267,ST-DELHI-HPSC-230,HPSC_LAXMAN VIHAR GGN_1,Delhi,Delhi,Delhi,Door-Open,2026-04-20 11:16:38,2026-04-20 11:19:00,00:02:22,0.00,0.00,0.00,'861919084304434,SOEB,2026-04-20 00:00:00,2026-04-21 00:00:00,"Level-1, Status-No.Block by Server, Number-8395061400; Level-2, Status-No.Block by Server, Number-8395061400"
268,ST-UPE-HPSC-039,Netaji Subas Chandra Bos Nagar Colony,UP East,Gorakhpur,Gorakhpur,AM MNSF,2026-04-20 11:13:43,2026-04-20 12:14:54,01:01:11,49.80,50.20,0.00,'861919084310357,SOBT,2026-04-20 11:13:43,2026-04-20 12:14:54,"Level-1, Status-No.Block by Server, Number-9936837499; Level-2, Status-No.Block by Server, Number-9140864299; Level-3, Status-No.Block by Server, Number-8767249333"
269,ST-UPE-HPSC-046,Durga Mandir Rd Madehgunj,UP East,Lucknow,Lucknow,AM MNSF,2026-04-20 11:13:10,2026-04-20 11:18:31,00:05:21,0.00,53.00,0.00,'866082076645994,SOBT,2026-04-20 11:13:10,2026-04-20 11:18:31,"Level-1, Status-No.Block by Server, Number-9936837499; Level-2, Status-No.Block by Server, Number-9140864299; Level-3, Status-No.Block by Server, Number-8767249333"
270,ST-UPE-HPSC-046,Durga Mandir Rd Madehgunj,UP East,Lucknow,Lucknow,Door-Open,2026-04-20 11:12:48,2026-04-20 11:13:10,00:00:22,53.00,0.00,0.00,'866082076645994,SOEB,2026-04-20 05:54:47,2026-04-20 11:13:10,"Level-1, Status-No.Block by Server, Number-9936837499; Level-2, Status-No.Block by Server, Number-9140864299"
271,ST-UPE-HPSC-008,Becongunj New,UP East,Kanpur,Kanpur,AM MNSF,2026-04-20 11:12:31,2026-04-20 11:20:57,00:08:26,53.50,50.00,0.00,'866082076647594,SOBT,2026-04-20 11:12:31,2026-04-20 11:20:57,"Level-1, Status-No.Block by Server, Number-9936837499; Level-2, Status-No.Block by Server, Number-9140864299; Level-3, Status-No.Block by Server, Number-8767249333"
272,ST-UPE-HPSC-051,Gujaini,UP East,Kanpur,Kanpur,AM MNSF,2026-04-20 11:11:32,2026-04-20 16:01:26,04:49:54,50.70,49.80,0.00,'867950079198600,SOBT,2026-04-20 11:11:32,2026-04-20 16:01:26,"Level-1, Status-No.Block by Server, Number-9936837499; Level-2, Status-No.Block by Server, Number-9140864299; Level-3, Status-No.Block by Server, Number-8767249333"
273,ST-DELHI-HPSC-079,HPSC_ Noida Sec 130Dadri_1,Delhi,Noida,Noida,AM MNSF,2026-04-20 11:07:52,2026-04-20 11:08:39,00:00:47,51.78,51.00,0.00,'861919082023523,SOBT,2026-04-20 11:07:52,2026-04-20 11:08:39,"Level-1, Status-No.Block by Server, Number-9717185678; Level-2, Status-No.Block by Server, Number-8395061400; Level-3, Status-No.Block by Server, Number-6397156643"
274,ST-DELHI-HPSC-275,HPSC_Behta_Hajipur_GBD_2,Delhi,Ghaziabad,Ghaziabad,AM MNSF,2026-04-20 11:05:17,2026-04-20 11:12:24,00:07:07,51.40,49.70,0.00,'861919084310977,SOBT,2026-04-20 11:05:17,2026-04-20 11:12:24,"Level-1, Status-No.Block by Server, Number-8448102503; Level-2, Status-No.Block by Server, Number-8395061400; Level-3, Status-No.Block by Server, Number-6397156643"
275,ST-MAH-OD-0043,Chintamani Paradise,Maharashtra,Pune,Pune,AM MNSF,2026-04-20 10:44:53,2026-04-20 11:21:42,00:36:49,50.50,50.70,0.00,'861919084260503,SOBT,2026-04-20 10:44:53,2026-04-20 11:21:42,"Level-1, Status-DIALING, Number-9975894886; Level-2, Status-DIALING, Number-9975894886; Level-3, Status-DIALING, Number-8888806810"
276,ST_MUM_HPSC_0058,Babu Bhai House,Mumbai,Mumbai,MUMBAI,AM MNSF,2026-04-20 10:42:34,2026-04-20 10:45:09,00:02:35,50.85,53.35,0.00,'861919084338010,SOBT,2026-04-20 10:42:34,2026-04-20 10:45:09,"Level-1, Status-DIALING, Number-8433656064; Level-2, Status-DIALING, Number-8097618466; Level-3, Status-DIALING, Number-8108779091"
277,ST-UPE-OD-0003,Barradevi,UP East,Kanpur,Kanpur,Door-Open,2026-04-20 10:37:55,2026-04-20 10:39:10,00:01:15,51.71,51.71,0.00,'861919082057711,SOEB,2026-04-20 02:10:47,2026-04-20 22:32:42,"Level-1, Status-No.Block by Server, Number-9936837499; Level-2, Status-No.Block by Server, Number-9140864299"
278,ST-DELHI-HPSC-279,HPSC_Nandgram_Ghukna_1,Delhi,Ghaziabad,Ghaziabad,AM MNSF,2026-04-20 10:37:12,2026-04-20 17:37:41,07:00:29,53.50,39.90,0.00,'861919084309128,SOBT,2026-04-20 10:37:12,2026-04-20 15:24:30,"Level-1, Status-No.Block by Server, Number-8448102503; Level-2, Status-No.Block by Server, Number-8395061400; Level-3, Status-No.Block by Server, Number-6397156643"
279,ST-KAR-MACRO-018,Shahsidhar Bldg,Karnataka,Bangalore,Bangalore,AM MNSF,2026-04-20 10:36:24,2026-04-20 10:48:20,00:11:56,50.99,48.93,0.00,'867950079198725,SOBT,2026-04-20 10:36:24,2026-04-20 10:48:20,"Level-1, Status-DIALING, Number-9483795832; Level-2, Status-DIALING, Number-9483795832; Level-3, Status-DIALING, Number-9845460610"
280,ST-UPE-HPSC-052,Bahera,UP East,Kanpur,Kanpur,AM MNSF,2026-04-20 10:35:33,2026-04-20 10:46:29,00:10:56,50.00,49.90,0.00,'866082076631127,SOBT,2026-04-20 10:35:33,2026-04-20 10:46:29,"Level-1, Status-No.Block by Server, Number-9936837499; Level-2, Status-No.Block by Server, Number-9140864299; Level-3, Status-No.Block by Server, Number-8767249333"
281,ST-MAH-OD-0064,Lonikalbhar Kunjirwadi,Maharashtra,Pune,Pune,AM MNSF,2026-04-20 10:32:29,2026-04-20 10:38:57,00:06:28,52.14,53.92,0.00,'869742088992570,SOBT,2026-04-20 10:32:29,2026-04-20 10:38:57,"Level-1, Status-DIALING, Number-9975894886; Level-2, Status-DIALING, Number-9975894886; Level-3, Status-DIALING, Number-8888806810"
282,ST-MAH-OD-0048,Aaradhyam Society,Maharashtra,Pune,Pune,AM MNSF,2026-04-20 10:32:25,2026-04-20 10:45:44,00:13:19,50.64,49.64,0.00,'865510082847569,SOBT,2026-04-20 10:32:25,2026-04-20 10:45:44,"Level-1, Status-DIALING, Number-9975894886; Level-2, Status-DIALING, Number-9975894886; Level-3, Status-DIALING, Number-8888806810"
283,ST_MUM_HPSC_0091,Rafiq House Alternet of Janab House,Mumbai,Mumbai,MUMBAI,AM MNSF,2026-04-20 10:29:25,2026-04-20 13:08:38,02:39:13,52.85,51.35,0.00,'861919084336147,SOBT,2026-04-20 10:29:25,2026-04-20 13:08:38,"Level-1, Status-BUSY, Number-8433656064; Level-2, Status-No.Block by Server, Number-8097618466; Level-3, Status-BUSY, Number-8108779091"
284,ST-KAR-HPSC-011,Sunil Bldg,Karnataka,Bangalore,Bangalore,AM MNSF,2026-04-20 10:28:11,2026-04-20 10:47:18,00:19:07,50.50,48.90,0.00,'866082076625210,SOBT,2026-04-20 10:28:11,2026-04-20 10:47:18,"Level-1, Status-BUSY, Number-9483795832; Level-2, Status-BUSY, Number-9483795832; Level-3, Status-BUSY, Number-9845460610"
285,ST-DELHI-HPSC-209,HPSC_Bakkar WalaPunjabi Bagh_1,Delhi,Delhi,Delhi,AM MNSF,2026-04-20 10:27:16,2026-04-20 10:28:17,00:01:01,49.70,49.60,0.00,'861919084304467,SOBT,2026-04-20 10:27:16,2026-04-20 10:28:17,"Level-1, Status-DIALING, Number-9315997041; Level-2, Status-DIALING, Number-8395061400; Level-3, Status-DIALING, Number-6397156643"
286,ST_MUM_HPSC_0075,Om Siddhivinayak CHSL,Mumbai,Mumbai,MUMBAI,AM MNSF,2026-04-20 10:27:14,2026-04-20 10:28:07,00:00:53,53.80,53.30,0.00,'866082076630640,SOBT,2026-04-20 10:27:14,2026-04-20 10:28:07,"Level-1, Status-DIALING, Number-7208501421; Level-2, Status-DIALING, Number-8097618466; Level-3, Status-DIALING, Number-8108779091"
287,ST_MUM_HPSC_050,Matoshree Apt,Mumbai,Mumbai,MUMBAI,TPMS Battery Low,2026-04-20 10:27:09,2026-04-20 10:28:07,00:00:58,0.00,0.00,0.00,'866082076649632,SOEB,2026-04-20 00:00:00,2026-04-21 00:00:00,"Level-1, Status-DIALING, Number-9833144457; Level-2, Status-DIALING, Number-8097618466"
288,ST_MUM_HPSC_050,Matoshree Apt,Mumbai,Mumbai,MUMBAI,TPMS Supply Failed,2026-04-20 10:27:09,2026-04-20 10:28:07,00:00:58,0.00,0.00,0.00,'866082076649632,SOEB,2026-04-20 00:00:00,2026-04-21 00:00:00,"Level-1, Status-DIALING, Number-9833144457; Level-2, Status-DIALING, Number-8097618466"
289,ST-HPSC-NCR-074,HPSC_Crossing Republic Golf Course GBD_1,Delhi,Noida,Noida,AM MNSF,2026-04-20 10:26:10,2026-04-20 10:35:14,00:09:04,49.30,49.00,0.00,'861919084284875,SOBT,2026-04-20 10:26:10,2026-04-20 10:35:14,"Level-1, Status-No.Block by Server, Number-8448102503; Level-2, Status-No.Block by Server, Number-8395061400; Level-3, Status-No.Block by Server, Number-6397156643"
290,ST-DELHI-HPSC-248,HPSC_Hastsal_Patel_Nagar_19,Delhi,Gurugram,Gurugram,AM MNSF,2026-04-20 10:23:28,2026-04-20 10:26:28,00:03:00,49.20,49.00,0.00,'861919084310621,SOBT,2026-04-20 10:23:28,2026-04-20 10:26:28,"Level-1, Status-DIALING, Number-9315997041; Level-2, Status-DIALING, Number-8395061400; Level-3, Status-DIALING, Number-6397156643"
291,ST-UPE-HPSC-050,Daheli Sujanpur,UP East,Kanpur,Kanpur,AM MNSF,2026-04-20 10:17:28,2026-04-20 10:33:22,00:15:54,49.57,49.70,0.00,'861919081952649,SOBT,2026-04-20 10:17:28,2026-04-20 10:33:22,"Level-1, Status-No.Block by Server, Number-9936837499; Level-2, Status-No.Block by Server, Number-9140864299; Level-3, Status-No.Block by Server, Number-8767249333"
292,ST-DELHI-HPSC-023,HPSC_Tigri_Sangam Vihar_2,Delhi,Delhi,Delhi,DC Battery low,2026-04-20 10:17:22,2026-04-21 12:39:34,26:22:12,0.00,0.00,0.00,'861919084310209,SOEB,2026-04-20 00:00:00,2026-04-21 00:00:00,"Level-1, Status-DIALING, Number-6392031410; Level-2, Status-DIALING, Number-8395061400"
293,ST-KAR-MACRO-018,Shahsidhar Bldg,Karnataka,Bangalore,Bangalore,AM MNSF,2026-04-20 10:16:39,2026-04-20 10:21:32,00:04:53,52.53,49.39,0.00,'867950079198725,SOBT,2026-04-20 10:16:39,2026-04-20 10:21:32,"Level-1, Status-DIALING, Number-9483795832; Level-2, Status-DIALING, Number-9483795832; Level-3, Status-DIALING, Number-9845460610"
294,ST-MAH-OD-0080,Sainath Nagar Chock,Maharashtra,Pune,Pune,AM MNSF,2026-04-20 10:13:52,2026-04-20 10:47:01,00:33:09,51.57,50.28,0.00,'865510081309041,SOBT,2026-04-20 10:13:52,2026-04-20 10:47:01,"Level-1, Status-DIALING, Number-9975894886; Level-2, Status-DIALING, Number-8421907247; Level-3, Status-DIALING, Number-8888806810"
295,ST-ROB-HPSC-001,Malrameswarpur-HPSC,West Bengal,Kolkata,Kolkata,AM MNSF,2026-04-20 10:12:05,2026-04-20 10:20:09,00:08:04,51.50,49.40,0.00,'861919084309300,SOBT,2026-04-20 10:12:05,2026-04-20 10:20:09,"Level-1, Status-No.Block by Server, Number-9800291987; Level-2, Status-No.Block by Server, Number-7003719849; Level-3, Status-No.Block by Server, Number-8515863762"
296,ST-MAH-OD-0012,Bhadrakali-2 Bsnl Relocation,Maharashtra,Nashik,Nashik,AM MNSF,2026-04-20 10:11:25,2026-04-20 10:12:10,00:00:45,50.57,50.00,0.00,'861919084346351,SOBT,2026-04-20 10:11:25,2026-04-20 10:12:10,"Level-1, Status-DIALING, Number-9975894886; Level-2, Status-DIALING, Number-9975894886; Level-3, Status-DIALING, Number-8888806810"
297,ST-UPE-HPSC-050,Daheli Sujanpur,UP East,Kanpur,Kanpur,AM MNSF,2026-04-20 09:44:50,2026-04-20 10:06:27,00:21:37,48.85,48.50,0.00,'861919081952649,SOBT,2026-04-20 09:44:50,2026-04-20 10:06:27,"Level-1, Status-No.Block by Server, Number-9936837499; Level-2, Status-No.Block by Server, Number-9140864299; Level-3, Status-No.Block by Server, Number-8767249333"
298,ST-DELHI-HPSC-172,HPSC_Dadri_2,Delhi,Noida,Noida,AM MNSF,2026-04-20 09:42:34,2026-04-20 10:16:29,00:33:55,53.50,52.35,0.00,'861919081971185,SOBT,2026-04-20 09:42:34,2026-04-20 10:16:29,"Level-1, Status-No.Block by Server, Number-9717185678; Level-2, Status-No.Block by Server, Number-8395061400; Level-3, Status-No.Block by Server, Number-6397156643"
299,ST-DELHI-HPSC-187,HPSC Chhijarsi & Bahlolpur Colony,Delhi,Noida,Noida,AM MNSF,2026-04-20 09:42:31,2026-04-20 10:09:48,00:27:17,51.30,48.90,0.00,'867950079196851,SOBT,2026-04-20 09:42:31,2026-04-20 10:09:48,"Level-1, Status-No.Block by Server, Number-8448102503; Level-2, Status-No.Block by Server, Number-8395061400; Level-3, Status-No.Block by Server, Number-6397156643"
300,ST-MAH-OD-0072,Rudra Shelter Business Hotel Vasai,Maharashtra,Virar,Virar,AM MNSF,2026-04-20 09:37:26,2026-04-20 09:48:18,00:10:52,51.64,49.70,0.00,'865510082843410,SOBT,2026-04-20 09:37:26,2026-04-20 09:48:18,"Level-1, Status-DIALING, Number-9823982397; Level-2, Status-DIALING, Number-9823982397; Level-3, Status-DIALING, Number-8888806810"
301,ST-DELHI-HPSC-083,HPSC_ChhapraulaDadri_1,Delhi,Noida,Noida,AM MNSF,2026-04-20 09:33:41,2026-04-20 09:40:27,00:06:46,51.60,49.90,0.00,'866082076649285,SOBT,2026-04-20 09:33:41,2026-04-20 09:40:27,"Level-1, Status-No.Block by Server, Number-9717185678; Level-2, Status-No.Block by Server, Number-8395061400; Level-3, Status-No.Block by Server, Number-6397156643"
302,ST-UPE-HPSC-002,Ramchandi ka hatta,UP East,Kanpur,Kanpur,AM MNSF,2026-04-20 09:32:23,2026-04-20 09:43:23,00:11:00,51.40,50.00,0.00,'861919084309607,SOBT,2026-04-20 09:32:23,2026-04-20 09:43:23,"Level-1, Status-No.Block by Server, Number-9936837499; Level-2, Status-No.Block by Server, Number-9140864299; Level-3, Status-No.Block by Server, Number-8767249333"
303,ST-KAR-MACRO-004,Ananth Bldg,Karnataka,Bangalore,Bangalore,Door-Open,2026-04-20 09:23:08,2026-04-20 09:24:19,00:01:11,54.36,54.36,0.00,'866082076650283,SOEB,2026-04-20 01:08:25,2026-04-21 00:00:00,"Level-1, Status-DIALING, Number-9483795832; Level-2, Status-DIALING, Number-9483795832"
304,ST-DELHI-HPSC-026,HPSC_Tikri Kalan_2,Delhi,Delhi,Delhi,AM MNSF,2026-04-20 09:15:50,2026-04-20 09:43:19,00:27:29,50.90,49.90,0.00,'861919084281806,SOBT,2026-04-20 09:15:50,2026-04-20 09:43:19,"Level-1, Status-DIALING, Number-9315997041; Level-2, Status-DIALING, Number-8395061400; Level-3, Status-DIALING, Number-6397156643"
305,ST-DELHI-HPSC-079,HPSC_ Noida Sec 130Dadri_1,Delhi,Noida,Noida,AM MNSF,2026-04-20 09:14:26,2026-04-20 09:29:06,00:14:40,51.85,50.35,0.00,'861919082023523,SOBT,2026-04-20 09:14:26,2026-04-20 09:29:06,"Level-1, Status-No.Block by Server, Number-9717185678; Level-2, Status-No.Block by Server, Number-8395061400; Level-3, Status-No.Block by Server, Number-6397156643"
306,ST-KAR-MACRO-004,Ananth Bldg,Karnataka,Bangalore,Bangalore,Door-Open,2026-04-20 09:13:44,2026-04-20 09:22:41,00:08:57,54.25,54.36,0.00,'866082076650283,SOEB,2026-04-20 01:08:25,2026-04-21 00:00:00,"Level-1, Status-DIALING, Number-9483795832; Level-2, Status-DIALING, Number-9483795832"
307,ST-MAH-OD-0027,Shriram Recidency,Maharashtra,CH SAMBHAJI NAGAR,CH SAMBHAJI NAGAR,AM MNSF,2026-04-20 08:58:01,2026-04-20 09:14:29,00:16:28,53.21,50.70,0.00,'861409071501903,SOBT,2026-04-20 08:58:01,2026-04-20 09:14:29,"Level-1, Status-DIALING, Number-9823982397; Level-2, Status-DIALING, Number-9975894886; Level-3, Status-DIALING, Number-8888806810"
308,ST-DELHI-HPSC-233,HPSC_Sector10,Delhi,Noida,Noida,AM MNSF,2026-04-20 08:47:42,2026-04-20 08:56:12,00:08:30,50.50,49.20,0.00,'861919084309953,SOBT,2026-04-20 08:47:42,2026-04-20 08:56:12,"Level-1, Status-No.Block by Server, Number-9717185678; Level-2, Status-No.Block by Server, Number-8395061400; Level-3, Status-No.Block by Server, Number-6397156643"
309,ST-DELHI-HPSC-188,HPSC_Sector 63 A_3,Delhi,Noida,Noida,AM MNSF,2026-04-20 08:37:11,2026-04-20 08:42:13,00:05:02,51.20,51.40,0.00,'866082076638031,SOBT,2026-04-20 08:37:11,2026-04-20 08:42:13,"Level-1, Status-No.Block by Server, Number-8448102503; Level-2, Status-No.Block by Server, Number-8395061400; Level-3, Status-No.Block by Server, Number-6397156643"
310,ST-DELHI-HPSC-011,HPSC_Sector 63 A_2,Delhi,Noida,Noida,L LVD Cut,2026-04-20 08:36:36,2026-04-20 08:41:08,00:04:32,0.00,653.36,0.00,'866082076610527,SODN,2026-04-20 08:36:36,2026-04-20 08:41:08,-
311,ST-MAH-OD-0032,Narpoli Octrol Post,Maharashtra,Vasai,THANE,AM MNSF,2026-04-20 08:29:26,2026-04-20 14:07:01,05:37:35,50.70,49.92,0.00,'861919084334134,SOBT,2026-04-20 08:29:26,2026-04-20 14:07:01,"Level-1, Status-BUSY, Number-9833144457; Level-2, Status-BUSY, Number-9975894886; Level-3, Status-No.Block by Server, Number-8888806810"
312,STPL-MUM-OD-M018,Airoli Naka Toilet Maksud Khan House,Mumbai,Mumbai,MUMBAI,BTLV,2026-04-20 08:28:21,2026-04-20 08:59:57,00:31:36,47.42,53.28,0.00,'861919084335354,SOBT,2026-04-20 08:21:12,2026-04-20 08:59:46,"Level-1, Status-DIALING, Number-7208501421; Level-2, Status-DIALING, Number-8097618466"
313,ST-MAH-OD-0072,Rudra Shelter Business Hotel Vasai,Maharashtra,Virar,Virar,AM MNSF,2026-04-20 08:27:57,2026-04-20 08:32:52,00:04:55,52.57,49.64,0.00,'865510082843410,SOBT,2026-04-20 08:27:57,2026-04-20 08:32:52,"Level-1, Status-DIALING, Number-9823982397; Level-2, Status-DIALING, Number-9823982397; Level-3, Status-DIALING, Number-8888806810"
314,ST-UPE-HPSC-046,Durga Mandir Rd Madehgunj,UP East,Lucknow,Lucknow,Door-Open,2026-04-20 08:27:54,2026-04-20 08:28:10,00:00:16,55.60,55.50,0.00,'866082076645994,SOEB,2026-04-20 05:54:47,2026-04-20 11:13:10,"Level-1, Status-No.Block by Server, Number-9936837499; Level-2, Status-No.Block by Server, Number-9140864299"
315,ST-DELHI-HPSC-078,HPSC_Sec134  Noida_1,Delhi,Faridabad,Faridabad,AM MNSF,2026-04-20 08:25:24,2026-04-20 08:35:26,00:10:02,51.10,53.00,0.00,'861919084310456,SOBT,2026-04-20 08:25:24,2026-04-20 08:35:26,"Level-1, Status-No.Block by Server, Number-9717185678; Level-2, Status-No.Block by Server, Number-8395061400; Level-3, Status-No.Block by Server, Number-6397156643"
316,STPL-MUM-OD-M018,Airoli Naka Toilet Maksud Khan House,Mumbai,Mumbai,MUMBAI,AM MNSF,2026-04-20 08:21:12,2026-04-20 08:59:46,00:38:34,48.71,47.70,0.00,'861919084335354,SOBT,2026-04-20 08:21:12,2026-04-20 08:59:46,"Level-1, Status-DIALING, Number-7208501421; Level-2, Status-DIALING, Number-8097618466; Level-3, Status-DIALING, Number-8108779091"
317,ST_MUM_HPSC_0082,HANUMAN THAKUR HOUSE,Mumbai,Mumbai,MUMBAI,AM MNSF,2026-04-20 08:18:16,2026-04-20 08:25:20,00:07:04,50.10,50.00,0.00,'866082076625343,SOBT,2026-04-20 08:18:16,2026-04-20 08:25:20,"Level-1, Status-NO DIALTONE, Number-8433656064; Level-2, Status-No.Block by Server, Number-8097618466; Level-3, Status-NO DIALTONE, Number-8108779091"
318,ST-UPE-HPSC-052,Bahera,UP East,Kanpur,Kanpur,AM MNSF,2026-04-20 08:13:11,2026-04-20 08:44:13,00:31:02,51.80,50.20,0.00,'866082076631127,SOBT,2026-04-20 08:13:11,2026-04-20 08:44:13,"Level-1, Status-No.Block by Server, Number-9936837499; Level-2, Status-No.Block by Server, Number-9140864299; Level-3, Status-No.Block by Server, Number-8767249333"
319,ST-DELHI-HPSC-243,HPSC_ Noida SECTOR 8Dadri_1,Delhi,Noida,Noida,BTLV,2026-04-20 08:12:07,2026-04-20 08:23:08,00:11:01,47.00,49.70,0.00,'866082076611046,SOBT,2026-04-20 07:46:10,2026-04-20 08:19:07,"Level-1, Status-No.Block by Server, Number-9717185678; Level-2, Status-No.Block by Server, Number-8395061400"
320,ST-DELHI-HPSC-243,HPSC_ Noida SECTOR 8Dadri_1,Delhi,Noida,Noida,BTLV,2026-04-20 08:08:12,2026-04-20 08:11:06,00:02:54,47.20,48.10,0.00,'866082076611046,SOBT,2026-04-20 07:46:10,2026-04-20 08:19:07,"Level-1, Status-No.Block by Server, Number-9717185678; Level-2, Status-No.Block by Server, Number-8395061400"
321,STPL-DELHI-HPSC-167,HPSC_NEHRU NAGAR  GBD_3,Delhi,Delhi,Delhi,AM MNSF,2026-04-20 08:07:49,2026-04-20 08:10:52,00:03:03,52.20,51.20,0.00,'861919084308872,SOBT,2026-04-20 08:07:49,2026-04-20 08:10:52,"Level-1, Status-No.Block by Server, Number-8448102503; Level-2, Status-No.Block by Server, Number-8395061400; Level-3, Status-No.Block by Server, Number-6397156643"
322,ST-MAH-OD-0011,Arni-BSNL Exch,Maharashtra,Nashik,Nashik,AM MNSF,2026-04-20 08:07:48,2026-04-20 10:37:29,02:29:41,51.64,49.00,0.00,'861919084333813,SOBT,2026-04-20 08:07:48,2026-04-20 10:37:29,"Level-1, Status-DIALING, Number-9689186432; Level-2, Status-DIALING, Number-9975894886; Level-3, Status-DIALING, Number-8888806810"
323,ST-DELHI-HPSC-079,HPSC_ Noida Sec 130Dadri_1,Delhi,Noida,Noida,AM MNSF,2026-04-20 08:07:39,2026-04-20 08:09:48,00:02:09,51.50,50.28,0.00,'861919082023523,SOBT,2026-04-20 08:07:39,2026-04-20 08:09:48,"Level-1, Status-No.Block by Server, Number-9717185678; Level-2, Status-No.Block by Server, Number-8395061400; Level-3, Status-No.Block by Server, Number-6397156643"
324,ST-DELHI-HPSC-264,HPSC_BALLABGARH SECTOR 1 FBD_4,Delhi,Faridabad,Faridabad,AM MNSF,2026-04-20 08:06:41,2026-04-20 08:07:47,00:01:06,53.40,53.00,0.00,'861919084308849,SOBT,2026-04-20 08:06:41,2026-04-20 08:07:47,"Level-1, Status-DIALING, Number-6392031410; Level-2, Status-DIALING, Number-8395061400; Level-3, Status-DIALING, Number-6397156643"
325,ST-HPSC-NCR-074,HPSC_Crossing Republic Golf Course GBD_1,Delhi,Noida,Noida,AM MNSF,2026-04-20 08:06:14,2026-04-20 08:12:09,00:05:55,49.10,48.40,0.00,'861919084284875,SOBT,2026-04-20 08:06:14,2026-04-20 08:12:09,"Level-1, Status-No.Block by Server, Number-8448102503; Level-2, Status-No.Block by Server, Number-8395061400; Level-3, Status-No.Block by Server, Number-6397156643"
326,ST-DELHI-HPSC-243,HPSC_ Noida SECTOR 8Dadri_1,Delhi,Noida,Noida,BTLV,2026-04-20 08:01:06,2026-04-20 08:07:27,00:06:21,47.20,48.20,0.00,'866082076611046,SOBT,2026-04-20 07:46:10,2026-04-20 08:19:07,"Level-1, Status-No.Block by Server, Number-9717185678; Level-2, Status-No.Block by Server, Number-8395061400"
327,ST-MAH-OD-0005,Gopal Nagar A&B CHSL,Maharashtra,Vasai,Vasai,AM MNSF,2026-04-20 08:01:05,2026-04-20 08:04:34,00:03:29,51.35,49.28,0.00,'861919084336089,SOBT,2026-04-20 08:01:05,2026-04-20 08:04:34,"Level-1, Status-DIALING, Number-9833144457; Level-2, Status-DIALING, Number-9975894886; Level-3, Status-DIALING, Number-8888806810"
328,ST-DELHI-HPSC-243,HPSC_ Noida SECTOR 8Dadri_1,Delhi,Noida,Noida,BTLV,2026-04-20 07:58:07,2026-04-20 08:00:10,00:02:03,47.30,48.20,0.00,'866082076611046,SOBT,2026-04-20 07:46:10,2026-04-20 08:19:07,"Level-1, Status-No.Block by Server, Number-9717185678; Level-2, Status-No.Block by Server, Number-8395061400"
329,ST-DELHI-HPSC-243,HPSC_ Noida SECTOR 8Dadri_1,Delhi,Noida,Noida,BTLV,2026-04-20 07:53:10,2026-04-20 07:57:05,00:03:55,47.20,48.20,0.00,'866082076611046,SOBT,2026-04-20 07:46:10,2026-04-20 08:19:07,"Level-1, Status-No.Block by Server, Number-9717185678; Level-2, Status-No.Block by Server, Number-8395061400"
330,ST-GUJ-MACRO-011,Janta Nagar,Gujrat,Surat,Surat,BTLV,2026-04-20 07:50:53,2026-04-20 07:51:20,00:00:27,47.28,49.21,0.00,'861919084334233,SOEB,2026-04-20 07:49:02,2026-04-21 00:00:00,"Level-1, Status-DIALING, Number-6359988360; Level-2, Status-DIALING, Number-8000012005"
331,ST-DELHI-HPSC-243,HPSC_ Noida SECTOR 8Dadri_1,Delhi,Noida,Noida,BTLV,2026-04-20 07:46:10,2026-04-20 07:52:08,00:05:58,47.20,48.80,0.00,'866082076611046,SOBT,2026-04-20 07:46:10,2026-04-20 08:19:07,"Level-1, Status-No.Block by Server, Number-9717185678; Level-2, Status-No.Block by Server, Number-8395061400; Level-3, Status-No.Block by Server, Number-6397156643"
332,ST-DELHI-HPSC-243,HPSC_ Noida SECTOR 8Dadri_1,Delhi,Noida,Noida,AM MNSF,2026-04-20 07:46:10,2026-04-20 07:52:08,00:05:58,47.20,48.80,0.00,'866082076611046,SOBT,2026-04-20 07:46:10,2026-04-20 08:19:07,"Level-1, Status-No.Block by Server, Number-9717185678; Level-2, Status-No.Block by Server, Number-8395061400; Level-3, Status-No.Block by Server, Number-6397156643"
333,ST-UPE-HPSC-046,Durga Mandir Rd Madehgunj,UP East,Lucknow,Lucknow,BTLV,2026-04-20 07:44:47,2026-04-20 07:48:12,00:03:25,42.72,55.60,0.00,'866082076645994,SOEB,2026-04-20 05:54:47,2026-04-20 11:13:10,"Level-1, Status-No.Block by Server, Number-9936837499; Level-2, Status-No.Block by Server, Number-9140864299"
334,ST-DELHI-HPSC-042,HPSC_Bhondsi(168)Sohna_4,Delhi,Delhi,Delhi,AM MNSF,2026-04-20 07:44:20,2026-04-20 08:04:17,00:19:57,50.00,50.30,0.00,'866082076610972,SOBT,2026-04-20 07:44:20,2026-04-20 08:04:17,"Level-1, Status-No.Block by Server, Number-8395061400; Level-2, Status-No.Block by Server, Number-8395061400; Level-3, Status-No.Block by Server, Number-6397156643"
335,ST-UPE-HPSC-052,Bahera,UP East,Kanpur,Kanpur,AM MNSF,2026-04-20 07:42:15,2026-04-20 08:02:35,00:20:20,49.60,51.00,0.00,'866082076631127,SOBT,2026-04-20 07:42:15,2026-04-20 08:02:35,"Level-1, Status-No.Block by Server, Number-9936837499; Level-2, Status-No.Block by Server, Number-9140864299; Level-3, Status-No.Block by Server, Number-8767249333"
336,ST-DELHI-HPSC-243,HPSC_ Noida SECTOR 8Dadri_1,Delhi,Noida,Noida,BTLV,2026-04-20 07:42:06,2026-04-20 07:44:12,00:02:06,47.30,0.00,0.00,'866082076611046,SOBT,2026-04-20 00:00:00,2026-04-20 07:44:12,"Level-1, Status-No.Block by Server, Number-9717185678; Level-2, Status-No.Block by Server, Number-8395061400"
337,ST-UPE-HPSC-046,Durga Mandir Rd Madehgunj,UP East,Lucknow,Lucknow,BTLV,2026-04-20 07:41:06,2026-04-20 07:44:09,00:03:03,42.70,55.50,0.00,'866082076645994,SOEB,2026-04-20 05:54:47,2026-04-20 11:13:10,"Level-1, Status-No.Block by Server, Number-9936837499; Level-2, Status-No.Block by Server, Number-9140864299"
338,ST-MAH-OD-0036,BoradeBankarWastiMoshi,Maharashtra,Pune,Pune,AM MNSF,2026-04-20 07:40:58,2026-04-20 07:46:01,00:05:03,51.35,49.92,0.00,'861919084260586,SOBT,2026-04-20 07:40:58,2026-04-20 07:46:01,"Level-1, Status-DIALING, Number-9975894886; Level-2, Status-DIALING, Number-9975894886; Level-3, Status-DIALING, Number-8888806810"
339,ST-DELHI-HPSC-056,HPSC_ GGN SECTOR 10 GGN_1,Delhi,Delhi,Delhi,AM MNSF,2026-04-20 07:33:45,2026-04-20 11:18:17,03:44:32,50.80,49.10,0.00,'867950079195366,SOBT,2026-04-20 07:33:45,2026-04-20 11:18:17,"Level-1, Status-No.Block by Server, Number-8395061400; Level-2, Status-No.Block by Server, Number-8395061400; Level-3, Status-No.Block by Server, Number-6397156643"
340,ST-DELHI-HPSC-268,HPSC_GBD_Rahul Vihar,Delhi,Ghaziabad,Ghaziabad,AM MNSF,2026-04-20 07:32:29,2026-04-20 07:44:38,00:12:09,53.90,49.70,0.00,'861919084308583,SOBT,2026-04-20 07:32:29,2026-04-20 07:44:38,"Level-1, Status-No.Block by Server, Number-8448102503; Level-2, Status-No.Block by Server, Number-8395061400; Level-3, Status-No.Block by Server, Number-6397156643"
341,ST-UPE-OD-0002,AIJAZ AHEMED HOUSE PARADE,UP East,Kanpur,Kanpur,TPMS Battery Low,2026-04-20 07:29:56,2026-04-20 08:12:32,00:42:36,50.00,51.64,0.00,'861919084338242,SOBT,2026-04-20 07:29:56,2026-04-20 08:12:32,"Level-1, Status-No.Block by Server, Number-9936837499; Level-2, Status-No.Block by Server, Number-9140864299; Level-3, Status-No.Block by Server, Number-8767249333"
342,ST-UPE-OD-0002,AIJAZ AHEMED HOUSE PARADE,UP East,Kanpur,Kanpur,AM MNSF,2026-04-20 07:29:56,2026-04-20 08:12:32,00:42:36,50.00,51.64,0.00,'861919084338242,SOBT,2026-04-20 07:29:56,2026-04-20 08:12:32,"Level-1, Status-No.Block by Server, Number-9936837499; Level-2, Status-No.Block by Server, Number-9140864299; Level-3, Status-No.Block by Server, Number-8767249333"
343,ST-UPE-OD-0002,AIJAZ AHEMED HOUSE PARADE,UP East,Kanpur,Kanpur,TPMS Battery Low,2026-04-20 07:29:18,2026-04-20 07:29:29,00:00:11,50.78,50.78,0.00,'861919084338242,SOEB,2026-04-20 07:29:18,2026-04-20 07:29:56,"Level-1, Status-No.Block by Server, Number-9936837499; Level-2, Status-No.Block by Server, Number-9140864299; Level-3, Status-No.Block by Server, Number-8767249333"
344,ST-HPSC-NCR-074,HPSC_Crossing Republic Golf Course GBD_1,Delhi,Noida,Noida,AM MNSF,2026-04-20 07:24:30,2026-04-20 07:53:55,00:29:25,54.40,48.50,0.00,'861919084284875,SOBT,2026-04-20 07:24:30,2026-04-20 07:53:55,"Level-1, Status-No.Block by Server, Number-8448102503; Level-2, Status-No.Block by Server, Number-8395061400; Level-3, Status-No.Block by Server, Number-6397156643"
345,ST-DELHI-HPSC-243,HPSC_ Noida SECTOR 8Dadri_1,Delhi,Noida,Noida,BTLV,2026-04-20 07:23:09,2026-04-20 07:41:10,00:18:01,47.40,48.40,0.00,'866082076611046,SOBT,2026-04-20 00:00:00,2026-04-20 07:44:12,"Level-1, Status-No.Block by Server, Number-9717185678; Level-2, Status-No.Block by Server, Number-8395061400"
346,ST-KAR-MACRO-028,Lakshmidevi Bldg,Karnataka,Bangalore,Bangalore,AM MNSF,2026-04-20 07:22:44,2026-04-20 07:25:37,00:02:53,50.63,49.31,0.00,'866082076608711,SOBT,2026-04-20 07:22:44,2026-04-20 07:25:37,"Level-1, Status-DIALING, Number-9483795832; Level-2, Status-DIALING, Number-9483795832; Level-3, Status-DIALING, Number-9845460610"
347,ST-DELHI-HPSC-322,HPSC_GBD_Partap_Vihar_Khora,Delhi,Ghaziabad,Ghaziabad,AM MNSF,2026-04-20 07:22:12,2026-04-20 08:05:38,00:43:26,51.90,50.10,0.00,'861919084283281,SOBT,2026-04-20 07:22:12,2026-04-20 08:05:38,"Level-1, Status-No.Block by Server, Number-8448102503; Level-2, Status-No.Block by Server, Number-8395061400; Level-3, Status-No.Block by Server, Number-6397156643"
348,ST-DELHI-HPSC-243,HPSC_ Noida SECTOR 8Dadri_1,Delhi,Noida,Noida,BTLV,2026-04-20 07:18:06,2026-04-20 07:21:07,00:03:01,47.60,48.50,0.00,'866082076611046,SOBT,2026-04-20 00:00:00,2026-04-20 07:44:12,"Level-1, Status-No.Block by Server, Number-9717185678; Level-2, Status-No.Block by Server, Number-8395061400"
349,ST-UPE-OD-0002,AIJAZ AHEMED HOUSE PARADE,UP East,Kanpur,Kanpur,TPMS Battery Low,2026-04-20 07:16:04,2026-04-20 07:29:07,00:13:03,52.00,49.85,0.00,'861919084338242,SOBT,2026-04-20 07:16:04,2026-04-20 07:29:18,"Level-1, Status-No.Block by Server, Number-9936837499; Level-2, Status-No.Block by Server, Number-9140864299; Level-3, Status-No.Block by Server, Number-8767249333"
350,ST-UPE-OD-0002,AIJAZ AHEMED HOUSE PARADE,UP East,Kanpur,Kanpur,AM MNSF,2026-04-20 07:16:04,2026-04-20 07:29:07,00:13:03,52.00,49.85,0.00,'861919084338242,SOBT,2026-04-20 07:16:04,2026-04-20 07:29:18,"Level-1, Status-No.Block by Server, Number-9936837499; Level-2, Status-No.Block by Server, Number-9140864299; Level-3, Status-No.Block by Server, Number-8767249333"
351,ST-DELHI-HPSC-243,HPSC_ Noida SECTOR 8Dadri_1,Delhi,Noida,Noida,BTLV,2026-04-20 07:12:07,2026-04-20 07:15:09,00:03:02,47.60,48.10,0.00,'866082076611046,SOBT,2026-04-20 00:00:00,2026-04-20 07:44:12,"Level-1, Status-No.Block by Server, Number-9717185678; Level-2, Status-No.Block by Server, Number-8395061400"
352,ST-DELHI-HPSC-243,HPSC_ Noida SECTOR 8Dadri_1,Delhi,Noida,Noida,BTLV,2026-04-20 07:08:10,2026-04-20 07:09:08,00:00:58,47.70,48.20,0.00,'866082076611046,SOBT,2026-04-20 00:00:00,2026-04-20 07:44:12,"Level-1, Status-No.Block by Server, Number-9717185678; Level-2, Status-No.Block by Server, Number-8395061400"
353,ST-DELHI-HPSC-243,HPSC_ Noida SECTOR 8Dadri_1,Delhi,Noida,Noida,BTLV,2026-04-20 07:05:11,2026-04-20 07:07:11,00:02:00,47.60,48.10,0.00,'866082076611046,SOBT,2026-04-20 00:00:00,2026-04-20 07:44:12,"Level-1, Status-No.Block by Server, Number-9717185678; Level-2, Status-No.Block by Server, Number-8395061400"
354,ST-DELHI-HPSC-172,HPSC_Dadri_2,Delhi,Noida,Noida,AM MNSF,2026-04-20 07:01:41,2026-04-20 07:58:28,00:56:47,53.71,52.70,0.00,'861919081971185,SOBT,2026-04-20 07:01:41,2026-04-20 07:58:28,"Level-1, Status-No.Block by Server, Number-9717185678; Level-2, Status-No.Block by Server, Number-8395061400; Level-3, Status-No.Block by Server, Number-6397156643"
355,ST-DELHI-HPSC-243,HPSC_ Noida SECTOR 8Dadri_1,Delhi,Noida,Noida,BTLV,2026-04-20 07:01:07,2026-04-20 07:04:06,00:02:59,47.70,48.70,0.00,'866082076611046,SOBT,2026-04-20 00:00:00,2026-04-20 07:44:12,"Level-1, Status-No.Block by Server, Number-9717185678; Level-2, Status-No.Block by Server, Number-8395061400"
356,ST-DELHI-HPSC-243,HPSC_ Noida SECTOR 8Dadri_1,Delhi,Noida,Noida,BTLV,2026-04-20 06:59:09,2026-04-20 07:00:12,00:01:03,47.80,48.30,0.00,'866082076611046,SOBT,2026-04-20 00:00:00,2026-04-20 07:44:12,"Level-1, Status-No.Block by Server, Number-9717185678; Level-2, Status-No.Block by Server, Number-8395061400"
357,ST-DELHI-HPSC-213,HPSC_Kailash Nagar_Madhopura_1,Delhi,Ghaziabad,Ghaziabad,AM MNSF,2026-04-20 06:58:08,2026-04-20 07:08:25,00:10:17,50.80,52.70,0.00,'866082076649244,SOBT,2026-04-20 06:58:08,2026-04-20 07:08:25,"Level-1, Status-No.Block by Server, Number-8448102503; Level-2, Status-No.Block by Server, Number-8395061400; Level-3, Status-No.Block by Server, Number-6397156643"
358,ST-DELHI-HPSC-210,HPSC_Nizam Pur Rashid PurSaraswati Vihar_1,Delhi,Delhi,Delhi,TPMS Supply Failed,2026-04-20 06:56:25,2026-04-20 06:57:15,00:00:50,47.50,47.90,0.00,'867950079195721,SOEB,2026-04-20 06:55:39,2026-04-21 00:00:00,"Level-1, Status-DIALING, Number-9315997041; Level-2, Status-DIALING, Number-8395061400"
359,ST-DELHI-HPSC-210,HPSC_Nizam Pur Rashid PurSaraswati Vihar_1,Delhi,Delhi,Delhi,BTLV,2026-04-20 06:56:14,2026-04-20 06:58:23,00:02:09,47.50,48.60,0.00,'867950079195721,SOEB,2026-04-20 06:55:39,2026-04-21 00:00:00,"Level-1, Status-DIALING, Number-9315997041; Level-2, Status-DIALING, Number-8395061400"
360,ST-DELHI-HPSC-243,HPSC_ Noida SECTOR 8Dadri_1,Delhi,Noida,Noida,BTLV,2026-04-20 06:55:10,2026-04-20 06:58:07,00:02:57,47.90,48.30,0.00,'866082076611046,SOBT,2026-04-20 00:00:00,2026-04-20 07:44:12,"Level-1, Status-No.Block by Server, Number-9717185678; Level-2, Status-No.Block by Server, Number-8395061400"
361,ST-DELHI-HPSC-171,HPSC_Sirsa Gautam Buddha Nagar_2,Delhi,Noida,Noida,AM MNSF,2026-04-20 06:52:17,2026-04-20 07:49:45,00:57:28,51.80,49.70,0.00,'861919084311611,SOBT,2026-04-20 06:52:17,2026-04-20 07:49:45,"Level-1, Status-No.Block by Server, Number-9717185678; Level-2, Status-No.Block by Server, Number-8395061400; Level-3, Status-No.Block by Server, Number-6397156643"
362,ST-DELHI-HPSC-243,HPSC_ Noida SECTOR 8Dadri_1,Delhi,Noida,Noida,BTLV,2026-04-20 06:47:06,2026-04-20 06:48:08,00:01:02,47.90,48.00,0.00,'866082076611046,SOBT,2026-04-20 00:00:00,2026-04-20 07:44:12,"Level-1, Status-No.Block by Server, Number-9717185678; Level-2, Status-No.Block by Server, Number-8395061400"
363,ST-DELHI-HPSC-268,HPSC_GBD_Rahul Vihar,Delhi,Ghaziabad,Ghaziabad,AM MNSF,2026-04-20 06:46:11,2026-04-20 06:49:57,00:03:46,50.90,50.00,0.00,'861919084308583,SOBT,2026-04-20 06:46:11,2026-04-20 06:49:57,"Level-1, Status-No.Block by Server, Number-8448102503; Level-2, Status-No.Block by Server, Number-8395061400; Level-3, Status-No.Block by Server, Number-6397156643"
364,ST-DELHI-HPSC-078,HPSC_Sec134  Noida_1,Delhi,Faridabad,Faridabad,AM MNSF,2026-04-20 06:43:21,2026-04-20 06:52:57,00:09:36,50.40,50.40,0.00,'861919084310456,SOBT,2026-04-20 06:43:21,2026-04-20 06:52:57,"Level-1, Status-No.Block by Server, Number-9717185678; Level-2, Status-No.Block by Server, Number-8395061400; Level-3, Status-No.Block by Server, Number-6397156643"
365,ST_MUM_HPSC_0091,Rafiq House Alternet of Janab House,Mumbai,Mumbai,MUMBAI,AM MNSF,2026-04-20 06:43:11,2026-04-20 08:14:45,01:31:34,52.70,52.14,0.00,'861919084336147,SOBT,2026-04-20 06:43:11,2026-04-20 08:14:45,"Level-1, Status-DIALING, Number-8433656064; Level-2, Status-DIALING, Number-8097618466; Level-3, Status-DIALING, Number-8108779091"
366,ST-DELHI-HPSC-079,HPSC_ Noida Sec 130Dadri_1,Delhi,Noida,Noida,AM MNSF,2026-04-20 06:39:29,2026-04-20 06:47:49,00:08:20,52.50,49.42,0.00,'861919082023523,SOBT,2026-04-20 06:39:29,2026-04-20 06:47:49,"Level-1, Status-No.Block by Server, Number-9717185678; Level-2, Status-No.Block by Server, Number-8395061400; Level-3, Status-No.Block by Server, Number-6397156643"
367,ST-DELHI-HPSC-322,HPSC_GBD_Partap_Vihar_Khora,Delhi,Ghaziabad,Ghaziabad,AM MNSF,2026-04-20 06:34:08,2026-04-20 06:47:36,00:13:28,52.20,50.30,0.00,'861919084283281,SOBT,2026-04-20 06:34:08,2026-04-20 06:47:36,"Level-1, Status-No.Block by Server, Number-8448102503; Level-2, Status-No.Block by Server, Number-8395061400; Level-3, Status-No.Block by Server, Number-6397156643"
368,ST-DELHI-HPSC-082,HPSC_LAL KUAN INDUSTRIAL  AREA Dadri_1,Delhi,Ghaziabad,Ghaziabad,AM MNSF,2026-04-20 06:28:39,2026-04-20 06:49:26,00:20:47,54.00,49.30,0.00,'861919084304509,SOBT,2026-04-20 06:28:39,2026-04-20 06:49:26,"Level-1, Status-No.Block by Server, Number-8448102503; Level-2, Status-No.Block by Server, Number-8395061400; Level-3, Status-No.Block by Server, Number-6397156643"
369,ST-DELHI-HPSC-083,HPSC_ChhapraulaDadri_1,Delhi,Noida,Noida,AM MNSF,2026-04-20 06:22:11,2026-04-20 06:43:36,00:21:25,51.70,50.20,0.00,'866082076649285,SOBT,2026-04-20 06:22:11,2026-04-20 06:43:36,"Level-1, Status-No.Block by Server, Number-9717185678; Level-2, Status-No.Block by Server, Number-8395061400; Level-3, Status-No.Block by Server, Number-6397156643"
370,ST-DELHI-HPSC-210,HPSC_Nizam Pur Rashid PurSaraswati Vihar_1,Delhi,Delhi,Delhi,TPMS Battery Low,2026-04-20 06:21:19,2026-04-20 06:53:22,00:32:03,46.80,42.20,0.00,'867950079195721,SODN,2026-04-20 06:21:19,2026-04-20 06:53:22,"Level-1, Status-DIALING, Number-9315997041; Level-2, Status-DIALING, Number-8395061400"
371,ST-DELHI-HPSC-210,HPSC_Nizam Pur Rashid PurSaraswati Vihar_1,Delhi,Delhi,Delhi,TPMS Supply Failed,2026-04-20 06:21:19,2026-04-20 06:53:22,00:32:03,46.80,42.20,0.00,'867950079195721,SODN,2026-04-20 06:21:19,2026-04-20 06:53:22,"Level-1, Status-DIALING, Number-9315997041; Level-2, Status-DIALING, Number-8395061400"
372,ST-DELHI-HPSC-210,HPSC_Nizam Pur Rashid PurSaraswati Vihar_1,Delhi,Delhi,Delhi,L LVD Cut,2026-04-20 06:21:19,2026-04-20 06:53:22,00:32:03,46.80,42.20,0.00,'867950079195721,SODN,2026-04-20 06:21:19,2026-04-20 06:53:22,"Level-1, Status-DIALING, Number-9315997041; Level-2, Status-DIALING, Number-8395061400"
373,ST-UPE-HPSC-055,Naubasta,UP East,Kanpur,Kanpur,AM MNSF,2026-04-20 06:18:12,2026-04-20 06:27:36,00:09:24,49.70,52.20,0.00,'867950079195192,SOBT,2026-04-20 06:18:12,2026-04-20 06:27:36,"Level-1, Status-No.Block by Server, Number-9936837499; Level-2, Status-No.Block by Server, Number-9140864299; Level-3, Status-No.Block by Server, Number-8767249333"
374,ST-UPE-HPSC-004,Chakeri Airport,UP East,Kanpur,Kanpur,AM MNSF,2026-04-20 06:16:38,2026-04-20 06:36:44,00:20:06,52.00,52.40,0.00,'866082076608968,SOBT,2026-04-20 06:16:38,2026-04-20 06:36:44,"Level-1, Status-No.Block by Server, Number-9936837499; Level-2, Status-No.Block by Server, Number-9140864299; Level-3, Status-No.Block by Server, Number-8767249333"
375,ST-DELHI-HPSC-191,HPSC Parsvnath Exotica Sector531,Delhi,Gurgaon,Gurgaon,AM MNSF,2026-04-20 06:13:23,2026-04-20 06:13:54,00:00:31,53.90,53.90,0.00,'867950079195432,SOBT,2026-04-20 06:13:23,2026-04-20 06:13:54,"Level-1, Status-No.Block by Server, Number-8395061400; Level-2, Status-No.Block by Server, Number-8395061400; Level-3, Status-No.Block by Server, Number-6397156643"
376,ST-DELHI-HPSC-169,HPSC_Badshahpur,Delhi,Delhi,Delhi,AM MNSF,2026-04-20 06:07:11,2026-04-20 07:48:46,01:41:35,49.60,50.40,0.00,'861919084304632,SOBT,2026-04-20 06:07:11,2026-04-20 07:48:46,"Level-1, Status-No.Block by Server, Number-8395061400; Level-2, Status-No.Block by Server, Number-8395061400; Level-3, Status-No.Block by Server, Number-6397156643"
377,ST-DELHI-HPSC-273,HPSC_GZB_Agraula_Sector A 1,Delhi,Ghaziabad,Ghaziabad,AM MNSF,2026-04-20 05:59:42,2026-04-20 09:05:12,03:05:30,54.70,48.80,0.00,'866082076630889,SOBT,2026-04-20 05:59:42,2026-04-20 09:05:12,"Level-1, Status-No.Block by Server, Number-8448102503; Level-2, Status-No.Block by Server, Number-8395061400; Level-3, Status-No.Block by Server, Number-6397156643"
378,ST-DELHI-HPSC-191,HPSC Parsvnath Exotica Sector531,Delhi,Gurgaon,Gurgaon,AM MNSF,2026-04-20 05:52:01,2026-04-20 05:52:32,00:00:31,53.90,53.90,0.00,'867950079195432,SOBT,2026-04-20 05:52:01,2026-04-20 05:52:32,"Level-1, Status-No.Block by Server, Number-8395061400; Level-2, Status-No.Block by Server, Number-8395061400; Level-3, Status-No.Block by Server, Number-6397156643"
379,ST-DELHI-HPSC-265,HPSC_NOD_Sultanpur,Delhi,North Delhi,North Delhi,TPMS Battery Low,2026-04-20 05:49:23,2026-04-20 12:03:13,06:13:50,53.90,0.00,0.00,'866082076647685,SOEB,2026-04-20 00:00:00,2026-04-20 13:45:14,"Level-1, Status-No.Block by Server, Number-9717185678; Level-2, Status-No.Block by Server, Number-8395061400"
380,ST-DELHI-HPSC-041,HPSC_Wazirabad GGN_1,Delhi,Delhi,Delhi,AM MNSF,2026-04-20 05:44:30,2026-04-20 06:34:10,00:49:40,51.40,49.40,0.00,'861919084308914,SOBT,2026-04-20 05:44:30,2026-04-20 06:34:10,"Level-1, Status-No.Block by Server, Number-8395061400; Level-2, Status-No.Block by Server, Number-8395061400; Level-3, Status-No.Block by Server, Number-6397156643"
381,ST-UPE-HPSC-046,Durga Mandir Rd Madehgunj,UP East,Lucknow,Lucknow,AM MNSF,2026-04-20 05:18:08,2026-04-20 05:54:47,00:36:39,53.70,49.60,0.00,'866082076645994,SOBT,2026-04-20 05:18:08,2026-04-20 05:54:47,"Level-1, Status-No.Block by Server, Number-9936837499; Level-2, Status-No.Block by Server, Number-9140864299; Level-3, Status-No.Block by Server, Number-8767249333"
382,ST-MAH-OD-0035,Sahyadri colony rasal hight new sanghavi,Maharashtra,Pune,Pune,AM MNSF,2026-04-20 05:13:12,2026-04-20 05:51:52,00:38:40,50.00,50.64,0.00,'861919081954074,SOBT,2026-04-20 05:13:12,2026-04-20 05:51:52,"Level-1, Status-DIALING, Number-9975894886; Level-2, Status-DIALING, Number-9975894886; Level-3, Status-DIALING, Number-8888806810"
383,ST-DELHI-HPSC-069,HPSC_Sitapuri Part 1_Sitapuri,Delhi,Delhi,Delhi,AM MNSF,2026-04-20 05:04:58,2026-04-20 05:06:09,00:01:11,50.60,51.00,0.00,'861919084304699,SOBT,2026-04-20 05:04:58,2026-04-20 05:06:09,"Level-1, Status-DIALING, Number-9315997041; Level-2, Status-DIALING, Number-8395061400; Level-3, Status-DIALING, Number-6397156643"
384,ST-DELHI-HPSC-267,HPSC_GBD_Gali_No-1_Khora_Colony,Delhi,North Delhi,North Delhi,TPMS Battery Low,2026-04-20 05:03:22,2026-04-20 05:07:12,00:03:50,52.40,52.90,0.00,'866082076628693,SOEB,2026-04-20 00:00:00,2026-04-20 15:43:56,"Level-1, Status-No.Block by Server, Number-8448102503; Level-2, Status-No.Block by Server, Number-8395061400"
385,ST-DELHI-HPSC-267,HPSC_GBD_Gali_No-1_Khora_Colony,Delhi,North Delhi,North Delhi,TPMS Supply Failed,2026-04-20 05:03:22,2026-04-20 05:07:12,00:03:50,52.40,52.90,0.00,'866082076628693,SOEB,2026-04-20 00:00:00,2026-04-20 15:43:56,"Level-1, Status-No.Block by Server, Number-8448102503; Level-2, Status-No.Block by Server, Number-8395061400"
386,ST-UPE-HPSC-052,Bahera,UP East,Kanpur,Kanpur,TPMS Battery Low,2026-04-20 04:52:41,2026-04-20 09:22:22,04:29:41,54.00,0.00,0.00,'866082076631127,SOEB,2026-04-20 00:00:00,2026-04-20 07:42:15,"Level-1, Status-No.Block by Server, Number-9936837499; Level-2, Status-No.Block by Server, Number-9140864299"
387,ST-DELHI-HPSC-210,HPSC_Nizam Pur Rashid PurSaraswati Vihar_1,Delhi,Delhi,Delhi,BTLV,2026-04-20 04:22:11,2026-04-20 06:55:39,02:33:28,47.90,48.00,0.00,'867950079195721,SOBT,2026-04-20 04:18:58,2026-04-20 06:21:19,"Level-1, Status-DIALING, Number-9315997041; Level-2, Status-DIALING, Number-8395061400"
388,ST-DELHI-HPSC-210,HPSC_Nizam Pur Rashid PurSaraswati Vihar_1,Delhi,Delhi,Delhi,AM MNSF,2026-04-20 04:18:58,2026-04-20 06:55:39,02:36:41,48.00,48.00,0.00,'867950079195721,SOBT,2026-04-20 04:18:58,2026-04-20 06:21:19,"Level-1, Status-BUSY, Number-9315997041; Level-2, Status-No.Block by Server, Number-8395061400; Level-3, Status-No.Block by Server, Number-6397156643"
389,ST-DELHI-HPSC-211,HPSC_Lad PurSaraswati Vihar_1,Delhi,Delhi,Delhi,TPMS Battery Low,2026-04-20 04:18:46,2026-04-20 10:47:15,06:28:29,54.10,0.00,0.00,'866082076647370,SOEB,2026-04-20 00:00:00,2026-04-21 00:00:00,"Level-1, Status-BUSY, Number-9315997041; Level-2, Status-No.Block by Server, Number-8395061400"
390,STPL-MUM-OD-M233,Uttam Niwas,Mumbai,Mumbai,MUMBAI,AM MNSF,2026-04-20 04:08:20,2026-04-20 04:13:15,00:04:55,49.00,50.21,0.00,'861919084333946,SOBT,2026-04-20 04:08:20,2026-04-20 04:13:15,"Level-1, Status-DIALING, Number-7208501421; Level-2, Status-DIALING, Number-8097618466; Level-3, Status-DIALING, Number-8108779091"
391,ST-DELHI-HPSC-172,HPSC_Dadri_2,Delhi,Noida,Noida,AM MNSF,2026-04-20 04:02:31,2026-04-20 04:03:51,00:01:20,54.57,53.57,0.00,'861919081971185,SOBT,2026-04-20 04:02:31,2026-04-20 04:03:51,"Level-1, Status-No.Block by Server, Number-9717185678; Level-2, Status-No.Block by Server, Number-8395061400; Level-3, Status-No.Block by Server, Number-6397156643"
392,ST-UPE-HPSC-046,Durga Mandir Rd Madehgunj,UP East,Lucknow,Lucknow,BTLV,2026-04-20 03:44:20,2026-04-20 03:48:13,00:03:53,43.36,0.00,0.00,'866082076645994,SOEB,2026-04-20 00:00:00,2026-04-20 05:18:08,"Level-1, Status-No.Block by Server, Number-9936837499; Level-2, Status-No.Block by Server, Number-9140864299"
393,ST-DELHI-HPSC-191,HPSC Parsvnath Exotica Sector531,Delhi,Gurgaon,Gurgaon,AM MNSF,2026-04-20 03:41:07,2026-04-20 03:42:17,00:01:10,53.80,53.80,0.00,'867950079195432,SOBT,2026-04-20 03:41:07,2026-04-20 03:42:17,"Level-1, Status-No.Block by Server, Number-8395061400; Level-2, Status-No.Block by Server, Number-8395061400; Level-3, Status-No.Block by Server, Number-6397156643"
394,ST-UPE-HPSC-004,Chakeri Airport,UP East,Kanpur,Kanpur,AM MNSF,2026-04-20 03:35:48,2026-04-20 03:56:25,00:20:37,49.90,50.50,0.00,'866082076608968,SOBT,2026-04-20 03:35:48,2026-04-20 03:56:25,"Level-1, Status-No.Block by Server, Number-9936837499; Level-2, Status-No.Block by Server, Number-9140864299; Level-3, Status-No.Block by Server, Number-8767249333"
395,ST-UPE-HPSC-051,Gujaini,UP East,Kanpur,Kanpur,AM MNSF,2026-04-20 03:34:15,2026-04-20 03:55:07,00:20:52,51.80,51.50,0.00,'867950079198600,SOBT,2026-04-20 03:34:15,2026-04-20 03:55:07,"Level-1, Status-No.Block by Server, Number-9936837499; Level-2, Status-No.Block by Server, Number-9140864299; Level-3, Status-No.Block by Server, Number-8767249333"
396,ST-DELHI-HPSC-191,HPSC Parsvnath Exotica Sector531,Delhi,Gurgaon,Gurgaon,AM MNSF,2026-04-20 02:57:20,2026-04-20 02:57:51,00:00:31,53.70,53.70,0.00,'867950079195432,SOBT,2026-04-20 02:57:20,2026-04-20 02:57:51,"Level-1, Status-No.Block by Server, Number-8395061400; Level-2, Status-No.Block by Server, Number-8395061400; Level-3, Status-No.Block by Server, Number-6397156643"
397,ST-UPE-HPSC-004,Chakeri Airport,UP East,Kanpur,Kanpur,AM MNSF,2026-04-20 02:45:31,2026-04-20 03:25:46,00:40:15,52.20,49.90,0.00,'866082076608968,SOBT,2026-04-20 02:45:31,2026-04-20 03:25:46,"Level-1, Status-No.Block by Server, Number-9936837499; Level-2, Status-No.Block by Server, Number-9140864299; Level-3, Status-No.Block by Server, Number-8767249333"
398,ST-DELHI-HPSC-005,HPSC_Sector 37B_Sector 37,Delhi,Delhi,Delhi,TPMS Battery Low,2026-04-20 02:33:29,2026-04-20 11:24:37,08:51:08,0.00,0.00,0.00,'867950079197800,SOEB,2026-04-20 00:00:00,2026-04-21 00:00:00,"Level-1, Status-No.Block by Server, Number-8395061400; Level-2, Status-No.Block by Server, Number-8395061400"
399,ST-UPE-HPSC-045,Sunderpur Chauraha,UP East,Varanasi,Varanasi,AM MNSF,2026-04-20 02:29:17,2026-04-20 02:39:18,00:10:01,49.90,49.90,0.00,'867950079197057,SOBT,2026-04-20 02:29:17,2026-04-20 02:39:18,"Level-1, Status-No.Block by Server, Number-9936837499; Level-2, Status-No.Block by Server, Number-9140864299; Level-3, Status-No.Block by Server, Number-8767249333"
400,STPL-MUM-OD-M233,Uttam Niwas,Mumbai,Mumbai,MUMBAI,BTLV,2026-04-20 02:27:19,2026-04-20 03:49:49,01:22:30,47.42,50.57,0.00,'861919084333946,SOBT,2026-04-20 00:00:00,2026-04-20 03:49:49,"Level-1, Status-DIALING, Number-7208501421; Level-2, Status-DIALING, Number-8097618466"
401,ST-UPE-HPSC-004,Chakeri Airport,UP East,Kanpur,Kanpur,AM MNSF,2026-04-20 02:15:26,2026-04-20 02:25:26,00:10:00,50.60,50.50,0.00,'866082076608968,SOBT,2026-04-20 02:15:26,2026-04-20 02:25:26,"Level-1, Status-No.Block by Server, Number-9936837499; Level-2, Status-No.Block by Server, Number-9140864299; Level-3, Status-No.Block by Server, Number-8767249333"
402,ST-UPE-OD-0003,Barradevi,UP East,Kanpur,Kanpur,BTLV,2026-04-20 02:06:45,2026-04-20 02:11:14,00:04:29,47.42,48.92,0.00,'861919082057711,SOBT,2026-04-20 02:06:11,2026-04-20 02:10:47,"Level-1, Status-No.Block by Server, Number-9936837499; Level-2, Status-No.Block by Server, Number-9140864299"
403,ST-UPE-OD-0003,Barradevi,UP East,Kanpur,Kanpur,AM MNSF,2026-04-20 02:06:11,2026-04-20 02:10:47,00:04:36,47.50,48.42,0.00,'861919082057711,SOBT,2026-04-20 02:06:11,2026-04-20 02:10:47,"Level-1, Status-No.Block by Server, Number-9936837499; Level-2, Status-No.Block by Server, Number-9140864299; Level-3, Status-No.Block by Server, Number-8767249333"
404,ST-UPE-HPSC-004,Chakeri Airport,UP East,Kanpur,Kanpur,AM MNSF,2026-04-20 01:55:20,2026-04-20 02:05:18,00:09:58,51.20,51.90,0.00,'866082076608968,SOBT,2026-04-20 01:55:20,2026-04-20 02:05:18,"Level-1, Status-No.Block by Server, Number-9936837499; Level-2, Status-No.Block by Server, Number-9140864299; Level-3, Status-No.Block by Server, Number-8767249333"
405,ST-DELHI-HPSC-210,HPSC_Nizam Pur Rashid PurSaraswati Vihar_1,Delhi,Delhi,Delhi,AM MNSF,2026-04-20 01:52:13,2026-04-20 04:17:14,02:25:01,48.70,0.00,0.00,'867950079195721,SOBT,2026-04-20 01:52:13,2026-04-20 04:17:14,"Level-1, Status-DIALING, Number-9315997041; Level-2, Status-DIALING, Number-8395061400; Level-3, Status-DIALING, Number-6397156643"
406,ST-MAH-OD-0011,Arni-BSNL Exch,Maharashtra,Nashik,Nashik,AM MNSF,2026-04-20 01:48:33,2026-04-20 01:50:34,00:02:01,51.57,50.28,0.00,'861919084333813,SOBT,2026-04-20 01:48:33,2026-04-20 01:50:34,"Level-1, Status-DIALING, Number-9689186432; Level-2, Status-DIALING, Number-9975894886; Level-3, Status-DIALING, Number-8888806810"
407,ST-UPE-HPSC-002,Ramchandi ka hatta,UP East,Kanpur,Kanpur,AM MNSF,2026-04-20 01:44:18,2026-04-20 01:48:25,00:04:07,51.60,50.70,0.00,'861919084309607,SOBT,2026-04-20 01:44:18,2026-04-20 01:48:25,"Level-1, Status-No.Block by Server, Number-9936837499; Level-2, Status-No.Block by Server, Number-9140864299; Level-3, Status-No.Block by Server, Number-8767249333"
408,ST-DELHI-HPSC-171,HPSC_Sirsa Gautam Buddha Nagar_2,Delhi,Noida,Noida,AM MNSF,2026-04-20 01:38:53,2026-04-20 01:39:10,00:00:17,53.80,53.30,0.00,'861919084311611,SOBT,2026-04-20 01:38:53,2026-04-20 01:39:10,"Level-1, Status-No.Block by Server, Number-9717185678; Level-2, Status-No.Block by Server, Number-8395061400; Level-3, Status-No.Block by Server, Number-6397156643"
409,ST-MAH-OD-0012,Bhadrakali-2 Bsnl Relocation,Maharashtra,Nashik,Nashik,AM MNSF,2026-04-20 01:37:11,2026-04-20 03:46:37,02:09:26,50.28,49.14,0.00,'861919084346351,SOBT,2026-04-20 01:37:11,2026-04-20 03:46:37,"Level-1, Status-DIALING, Number-9975894886; Level-2, Status-DIALING, Number-9975894886; Level-3, Status-DIALING, Number-8888806810"
410,ST-MAH-OD-0064,Lonikalbhar Kunjirwadi,Maharashtra,Pune,Pune,AM MNSF,2026-04-20 01:35:29,2026-04-20 01:42:08,00:06:39,52.78,54.70,0.00,'869742088992570,SOBT,2026-04-20 01:35:29,2026-04-20 01:42:08,"Level-1, Status-DIALING, Number-9975894886; Level-2, Status-DIALING, Number-9975894886; Level-3, Status-DIALING, Number-8888806810"
411,ST-UPE-HPSC-047,Shivani Vihar Rd Abrar Nagar,UP East,Lucknow,Lucknow,AM MNSF,2026-04-20 01:35:00,2026-04-20 01:37:40,00:02:40,51.10,50.50,0.00,'866082076637645,SOBT,2026-04-20 01:35:00,2026-04-20 01:37:40,"Level-1, Status-No.Block by Server, Number-9936837499; Level-2, Status-No.Block by Server, Number-9140864299; Level-3, Status-No.Block by Server, Number-8767249333"
412,ST-UPE-HPSC-042,Takrohi Market,UP East,Lucknow,Lucknow,AM MNSF,2026-04-20 01:33:51,2026-04-20 01:38:56,00:05:05,52.70,51.10,0.00,'861919084311033,SOBT,2026-04-20 01:33:51,2026-04-20 01:38:56,"Level-1, Status-No.Block by Server, Number-9936837499; Level-2, Status-No.Block by Server, Number-9140864299; Level-3, Status-No.Block by Server, Number-8767249333"
413,ST-UPE-HPSC-053,Daheli Sujanpur-2,UP East,Kanpur,Kanpur,AM MNSF,2026-04-20 01:27:03,2026-04-20 01:46:18,00:19:15,53.35,52.00,0.00,'861919084346062,SOBT,2026-04-20 01:27:03,2026-04-20 01:46:18,"Level-1, Status-No.Block by Server, Number-9936837499; Level-2, Status-No.Block by Server, Number-9140864299; Level-3, Status-No.Block by Server, Number-8767249333"
414,ST-MAH-OD-0014,Uttamnagar 2,Maharashtra,CH SAMBHAJI NAGAR,CH SAMBHAJI NAGAR,AM MNSF,2026-04-20 01:16:02,2026-04-20 01:45:42,00:29:40,48.57,49.64,0.00,'861919082057877,SOBT,2026-04-20 01:16:02,2026-04-20 01:45:42,"Level-1, Status-DIALING, Number-7208501421; Level-2, Status-DIALING, Number-9975894886; Level-3, Status-DIALING, Number-8888806810"
415,ST-MAH-OD-0021,Murbad-Jain Mandir,Maharashtra,Mumbai,Thana,AM MNSF,2026-04-20 01:15:59,2026-04-20 01:17:33,00:01:34,50.78,50.14,0.00,'861919084334217,SOBT,2026-04-20 01:15:59,2026-04-20 01:17:33,"Level-1, Status-DIALING, Number-9833144457; Level-2, Status-DIALING, Number-9975894886; Level-3, Status-DIALING, Number-8888806810"
416,ST-GUJ-MACRO-011,Janta Nagar,Gujrat,Surat,Surat,BTLV,2026-04-20 01:08:12,2026-04-20 07:49:02,06:40:50,47.42,53.71,0.00,'861919084334233,SOBT,2026-04-20 00:00:00,2026-04-20 07:49:02,"Level-1, Status-DIALING, Number-6359988360; Level-2, Status-DIALING, Number-8000012005"
417,ST-KAR-MACRO-004,Ananth Bldg,Karnataka,Bangalore,Bangalore,AM MNSF,2026-04-20 00:58:04,2026-04-20 01:08:25,00:10:21,52.85,52.35,0.00,'866082076650283,SOBT,2026-04-20 00:58:04,2026-04-20 01:08:25,"Level-1, Status-DIALING, Number-9483795832; Level-2, Status-DIALING, Number-9483795832; Level-3, Status-DIALING, Number-9845460610"
418,ST-MAH-OD-0019,Nilemore,Maharashtra,Vasai,Vasai,AM MNSF,2026-04-20 00:57:40,2026-04-20 01:37:39,00:39:59,50.21,50.14,0.00,'861919084333334,SOBT,2026-04-20 00:57:40,2026-04-20 01:37:39,"Level-1, Status-DIALING, Number-9833144457; Level-2, Status-DIALING, Number-9975894886; Level-3, Status-DIALING, Number-8888806810"
419,ST-UPE-HPSC-053,Daheli Sujanpur-2,UP East,Kanpur,Kanpur,AM MNSF,2026-04-20 00:56:10,2026-04-20 01:04:18,00:08:08,53.14,51.00,0.00,'861919084346062,SOBT,2026-04-20 00:56:10,2026-04-20 01:04:18,"Level-1, Status-No.Block by Server, Number-9936837499; Level-2, Status-No.Block by Server, Number-9140864299; Level-3, Status-No.Block by Server, Number-8767249333"
420,ST-MAH-OD-0027,Shriram Recidency,Maharashtra,CH SAMBHAJI NAGAR,CH SAMBHAJI NAGAR,AM MNSF,2026-04-20 00:55:24,2026-04-20 01:01:50,00:06:26,51.42,49.21,0.00,'861409071501903,SOBT,2026-04-20 00:55:24,2026-04-20 01:01:50,"Level-1, Status-DIALING, Number-9823982397; Level-2, Status-DIALING, Number-9975894886; Level-3, Status-DIALING, Number-8888806810"
421,ST-UPE-HPSC-032,Sec-5 Vikas Nagar,UP East,Lucknow,Lucknow,AM MNSF,2026-04-20 00:52:26,2026-04-20 01:13:18,00:20:52,53.30,52.20,0.00,'866082076608455,SOBT,2026-04-20 00:52:26,2026-04-20 01:13:18,"Level-1, Status-No.Block by Server, Number-9936837499; Level-2, Status-No.Block by Server, Number-9140864299; Level-3, Status-No.Block by Server, Number-8767249333"
422,ST-UPE-HPSC-004,Chakeri Airport,UP East,Kanpur,Kanpur,AM MNSF,2026-04-20 00:44:55,2026-04-20 00:54:50,00:09:55,50.70,50.70,0.00,'866082076608968,SOBT,2026-04-20 00:44:55,2026-04-20 00:54:50,"Level-1, Status-No.Block by Server, Number-9936837499; Level-2, Status-No.Block by Server, Number-9140864299; Level-3, Status-No.Block by Server, Number-8767249333"
423,ST-MAH-OD-0011,Arni-BSNL Exch,Maharashtra,Nashik,Nashik,AM MNSF,2026-04-20 00:40:20,2026-04-20 00:47:57,00:07:37,50.35,53.85,0.00,'861919084333813,SOBT,2026-04-20 00:40:20,2026-04-20 00:47:57,"Level-1, Status-NO DIALTONE, Number-9689186432; Level-2, Status-NO DIALTONE, Number-9975894886; Level-3, Status-No.Block by Server, Number-8888806810"
424,ST-DELHI-MACRO-010,NOD_Sector 141_2,Delhi,Noida,Noida,Mains Failed,2026-04-20 00:38:07,2026-04-20 00:48:46,00:10:39,53.33,49.03,0.00,'866082076631002,SOEB,2026-04-20 00:00:00,2026-04-21 00:00:00,"Level-1, Status-No.Block by Server, Number-9717185678; Level-2, Status-No.Block by Server, Number-8395061400"
425,ST-UPE-HPSC-032,Sec-5 Vikas Nagar,UP East,Lucknow,Lucknow,AM MNSF,2026-04-20 00:32:11,2026-04-20 00:42:27,00:10:16,50.90,53.30,0.00,'866082076608455,SOBT,2026-04-20 00:32:11,2026-04-20 00:42:27,"Level-1, Status-No.Block by Server, Number-9936837499; Level-2, Status-No.Block by Server, Number-9140864299; Level-3, Status-No.Block by Server, Number-8767249333"
426,ST-MAH-OD-0018,PCMC -Old RTO office (Sahu Nagar),Maharashtra,Pune,Pune,AM MNSF,2026-04-20 00:29:33,2026-04-20 00:33:20,00:03:47,50.28,48.85,0.00,'861919084335917,SOBT,2026-04-20 00:29:33,2026-04-20 00:33:20,"Level-1, Status-DIALING, Number-9823982397; Level-2, Status-DIALING, Number-9975894886; Level-3, Status-DIALING, Number-8888806810"
427,ST-MAH-OD-0011,Arni-BSNL Exch,Maharashtra,Nashik,Nashik,AM MNSF,2026-04-20 00:26:47,2026-04-20 00:36:05,00:09:18,50.14,51.70,0.00,'861919084333813,SOBT,2026-04-20 00:26:47,2026-04-20 00:36:05,"Level-1, Status-DIALING, Number-9689186432; Level-2, Status-DIALING, Number-9975894886; Level-3, Status-DIALING, Number-8888806810"
428,ST-MAH-OD-0037,Vrindavan Society Dehu Gaon,Maharashtra,Pune,Pune,AM MNSF,2026-04-20 00:25:03,2026-04-20 00:42:33,00:17:30,51.00,50.71,0.00,'861919084346542,SOBT,2026-04-20 00:25:03,2026-04-20 00:42:33,"Level-1, Status-DIALING, Number-9975894886; Level-2, Status-DIALING, Number-9975894886; Level-3, Status-DIALING, Number-8888806810"
429,ST-UPE-HPSC-004,Chakeri Airport,UP East,Kanpur,Kanpur,AM MNSF,2026-04-20 00:24:48,2026-04-20 00:34:52,00:10:04,49.80,52.60,0.00,'866082076608968,SOBT,2026-04-20 00:24:48,2026-04-20 00:34:52,"Level-1, Status-No.Block by Server, Number-9936837499; Level-2, Status-No.Block by Server, Number-9140864299; Level-3, Status-No.Block by Server, Number-8767249333"
430,ST-UPE-OD-0003,Barradevi,UP East,Kanpur,Kanpur,BTLV,2026-04-20 00:19:28,2026-04-20 01:01:16,00:41:48,47.42,50.00,0.00,'861919082057711,SOEB,2026-04-20 00:00:00,2026-04-20 02:06:11,"Level-1, Status-No.Block by Server, Number-9936837499; Level-2, Status-No.Block by Server, Number-9140864299"
431,ST-UPE-HPSC-053,Daheli Sujanpur-2,UP East,Kanpur,Kanpur,AM MNSF,2026-04-20 00:14:57,2026-04-20 00:15:50,00:00:53,53.70,52.78,0.00,'861919084346062,SOBT,2026-04-20 00:14:57,2026-04-20 00:15:50,"Level-1, Status-No.Block by Server, Number-9936837499; Level-2, Status-No.Block by Server, Number-9140864299; Level-3, Status-No.Block by Server, Number-8767249333"
432,ST-UPE-HPSC-051,Gujaini,UP East,Kanpur,Kanpur,AM MNSF,2026-04-20 00:07:14,2026-04-20 00:17:16,00:10:02,49.50,50.20,0.00,'867950079198600,SOBT,2026-04-20 00:07:14,2026-04-20 00:17:16,"Level-1, Status-No.Block by Server, Number-9936837499; Level-2, Status-No.Block by Server, Number-9140864299; Level-3, Status-No.Block by Server, Number-8767249333"
433,ST_MUM_HPSC_0106,Ganesh Vada pav Center,Mumbai,Mumbai,MUMBAI,AM MNSF,2026-04-20 00:05:00,2026-04-20 00:05:16,00:00:16,54.30,53.80,0.00,'867950079196240,SOBT,2026-04-20 00:05:00,2026-04-20 00:05:16,"Level-1, Status-DIALING, Number-8433656064; Level-2, Status-DIALING, Number-8097618466; Level-3, Status-DIALING, Number-8108779091"
434,ST-UPE-HPSC-002,Ramchandi ka hatta,UP East,Kanpur,Kanpur,AM MNSF,2026-04-20 00:04:38,2026-04-20 00:08:14,00:03:36,51.60,51.10,0.00,'861919084309607,SOBT,2026-04-20 00:04:38,2026-04-20 00:08:14,"Level-1, Status-No.Block by Server, Number-9936837499; Level-2, Status-No.Block by Server, Number-9140864299; Level-3, Status-No.Block by Server, Number-8767249333"
435,ST-DELHI-HPSC-187,HPSC Chhijarsi & Bahlolpur Colony,Delhi,Noida,Noida,AM MNSF,2026-04-20 00:03:10,2026-04-20 00:07:17,00:04:07,52.90,51.30,0.00,'867950079196851,SOEB,2026-04-20 00:00:00,2026-04-20 00:07:17,"Level-1, Status-No.Block by Server, Number-8448102503; Level-2, Status-No.Block by Server, Number-8395061400; Level-3, Status-No.Block by Server, Number-6397156643"
436,ST-MAH-OD-0011,Arni-BSNL Exch,Maharashtra,Nashik,Nashik,AM MNSF,2026-04-20 00:01:51,2026-04-20 00:26:28,00:24:37,53.00,51.42,0.00,'861919084333813,SOBT,2026-04-20 00:01:51,2026-04-20 00:26:28,"Level-1, Status-DIALING, Number-9689186432; Level-2, Status-DIALING, Number-9975894886; Level-3, Status-DIALING, Number-8888806810"
